ISO-10303-21;
HEADER;
FILE_DESCRIPTION(('Open CASCADE Model'),'2;1');
FILE_NAME('Open CASCADE Shape Model','2026-05-24T10:08:20',('Author'),(
    'Open CASCADE'),'Open CASCADE STEP processor 7.9','Open CASCADE 7.9'
  ,'Unknown');
FILE_SCHEMA(('AUTOMOTIVE_DESIGN { 1 0 10303 214 1 1 1 1 }'));
ENDSEC;
DATA;
#1 = APPLICATION_PROTOCOL_DEFINITION('international standard',
  'automotive_design',2000,#2);
#2 = APPLICATION_CONTEXT(
  'core data for automotive mechanical design processes');
#3 = SHAPE_DEFINITION_REPRESENTATION(#4,#10);
#4 = PRODUCT_DEFINITION_SHAPE('','',#5);
#5 = PRODUCT_DEFINITION('design','',#6,#9);
#6 = PRODUCT_DEFINITION_FORMATION('','',#7);
#7 = PRODUCT('Open CASCADE STEP translator 7.9 1',
  'Open CASCADE STEP translator 7.9 1','',(#8));
#8 = PRODUCT_CONTEXT('',#2,'mechanical');
#9 = PRODUCT_DEFINITION_CONTEXT('part definition',#2,'design');
#10 = ADVANCED_BREP_SHAPE_REPRESENTATION('',(#11,#15),#3335);
#11 = AXIS2_PLACEMENT_3D('',#12,#13,#14);
#12 = CARTESIAN_POINT('',(0.,0.,0.));
#13 = DIRECTION('',(0.,0.,1.));
#14 = DIRECTION('',(1.,0.,-0.));
#15 = MANIFOLD_SOLID_BREP('',#16);
#16 = CLOSED_SHELL('',(#17,#897,#1025,#1074,#1123,#1172,#1221,#1270,
    #1319,#1368,#1417,#1466,#1515,#1564,#1613,#1662,#1711,#1760,#1809,
    #1858,#1907,#2003,#2052,#2101,#2150,#2199,#2248,#2297,#2346,#2395,
    #2444,#2493,#2542,#2569,#2834,#2883,#3112,#3139,#3166,#3193,#3220,
    #3247,#3274,#3301,#3328));
#17 = ADVANCED_FACE('',(#18),#32,.T.);
#18 = FACE_BOUND('',#19,.T.);
#19 = EDGE_LOOP('',(#20,#55,#81,#107,#133,#159,#185,#211,#237,#263,#289,
    #315,#341,#367,#395,#423,#451,#479,#507,#535,#563,#591,#619,#647,
    #675,#703,#731,#759,#787,#815,#843,#871));
#20 = ORIENTED_EDGE('',*,*,#21,.F.);
#21 = EDGE_CURVE('',#22,#24,#26,.T.);
#22 = VERTEX_POINT('',#23);
#23 = CARTESIAN_POINT('',(55.,-138.8083842662,550.));
#24 = VERTEX_POINT('',#25);
#25 = CARTESIAN_POINT('',(46.3525492,-142.6584774,550.));
#26 = SURFACE_CURVE('',#27,(#31,#43),.PCURVE_S1.);
#27 = LINE('',#28,#29);
#28 = CARTESIAN_POINT('',(75.,-129.9038106,550.));
#29 = VECTOR('',#30,1.);
#30 = DIRECTION('',(-0.913545458319,-0.406736641555,0.));
#31 = PCURVE('',#32,#37);
#32 = PLANE('',#33);
#33 = AXIS2_PLACEMENT_3D('',#34,#35,#36);
#34 = CARTESIAN_POINT('',(146.7221401,-31.1867536,550.));
#35 = DIRECTION('',(1.977732522989E-16,0.,1.));
#36 = DIRECTION('',(-0.,1.,0.));
#37 = DEFINITIONAL_REPRESENTATION('',(#38),#42);
#38 = LINE('',#39,#40);
#39 = CARTESIAN_POINT('',(-98.717057,71.7221401));
#40 = VECTOR('',#41,1.);
#41 = DIRECTION('',(-0.406736641555,0.913545458319));
#42 = ( GEOMETRIC_REPRESENTATION_CONTEXT(2) 
PARAMETRIC_REPRESENTATION_CONTEXT() REPRESENTATION_CONTEXT('2D SPACE',''
  ) );
#43 = PCURVE('',#44,#49);
#44 = PLANE('',#45);
#45 = AXIS2_PLACEMENT_3D('',#46,#47,#48);
#46 = CARTESIAN_POINT('',(75.,-129.9038106,550.));
#47 = DIRECTION('',(0.406736641555,-0.913545458319,0.));
#48 = DIRECTION('',(0.,0.,1.));
#49 = DEFINITIONAL_REPRESENTATION('',(#50),#54);
#50 = LINE('',#51,#52);
#51 = CARTESIAN_POINT('',(0.,0.));
#52 = VECTOR('',#53,1.);
#53 = DIRECTION('',(0.,1.));
#54 = ( GEOMETRIC_REPRESENTATION_CONTEXT(2) 
PARAMETRIC_REPRESENTATION_CONTEXT() REPRESENTATION_CONTEXT('2D SPACE',''
  ) );
#55 = ORIENTED_EDGE('',*,*,#56,.F.);
#56 = EDGE_CURVE('',#57,#22,#59,.T.);
#57 = VERTEX_POINT('',#58);
#58 = CARTESIAN_POINT('',(35.,-129.9038106,550.));
#59 = SURFACE_CURVE('',#60,(#64,#70),.PCURVE_S1.);
#60 = LINE('',#61,#62);
#61 = CARTESIAN_POINT('',(77.603168862277,-148.8719633775,550.));
#62 = VECTOR('',#63,1.);
#63 = DIRECTION('',(0.913545458319,-0.406736641555,-1.806748564147E-16)
  );
#64 = PCURVE('',#32,#65);
#65 = DEFINITIONAL_REPRESENTATION('',(#66),#69);
#66 = B_SPLINE_CURVE_WITH_KNOTS('',1,(#67,#68),.UNSPECIFIED.,.F.,.F.,(2,
    2),(-46.63497418141,-15.27643527225),.PIECEWISE_BEZIER_KNOTS.);
#67 = CARTESIAN_POINT('',(-98.717057,111.7221401));
#68 = CARTESIAN_POINT('',(-111.4717238,83.0746893));
#69 = ( GEOMETRIC_REPRESENTATION_CONTEXT(2) 
PARAMETRIC_REPRESENTATION_CONTEXT() REPRESENTATION_CONTEXT('2D SPACE',''
  ) );
#70 = PCURVE('',#71,#76);
#71 = PLANE('',#72);
#72 = AXIS2_PLACEMENT_3D('',#73,#74,#75);
#73 = CARTESIAN_POINT('',(63.6474508,-142.6584774,560.));
#74 = DIRECTION('',(-0.406736641555,-0.913545458319,0.));
#75 = DIRECTION('',(0.,0.,1.));
#76 = DEFINITIONAL_REPRESENTATION('',(#77),#80);
#77 = B_SPLINE_CURVE_WITH_KNOTS('',1,(#78,#79),.UNSPECIFIED.,.F.,.F.,(2,
    2),(-46.63497418141,-15.27643527225),.PIECEWISE_BEZIER_KNOTS.);
#78 = CARTESIAN_POINT('',(-10.,31.358538909162));
#79 = CARTESIAN_POINT('',(-10.,0.));
#80 = ( GEOMETRIC_REPRESENTATION_CONTEXT(2) 
PARAMETRIC_REPRESENTATION_CONTEXT() REPRESENTATION_CONTEXT('2D SPACE',''
  ) );
#81 = ORIENTED_EDGE('',*,*,#82,.F.);
#82 = EDGE_CURVE('',#83,#57,#85,.T.);
#83 = VERTEX_POINT('',#84);
#84 = CARTESIAN_POINT('',(9.630409,-111.4717238,550.));
#85 = SURFACE_CURVE('',#86,(#90,#96),.PCURVE_S1.);
#86 = LINE('',#87,#88);
#87 = CARTESIAN_POINT('',(48.090169891393,-139.4143757354,550.));
#88 = VECTOR('',#89,1.);
#89 = DIRECTION('',(0.809016994066,-0.587785252718,-1.600019220814E-16)
  );
#90 = PCURVE('',#32,#91);
#91 = DEFINITIONAL_REPRESENTATION('',(#92),#95);
#92 = B_SPLINE_CURVE_WITH_KNOTS('',1,(#93,#94),.UNSPECIFIED.,.F.,.F.,(2,
    2),(-47.53887887832,-16.18033982896),.PIECEWISE_BEZIER_KNOTS.);
#93 = CARTESIAN_POINT('',(-80.2849702,137.0917311));
#94 = CARTESIAN_POINT('',(-98.717057,111.7221401));
#95 = ( GEOMETRIC_REPRESENTATION_CONTEXT(2) 
PARAMETRIC_REPRESENTATION_CONTEXT() REPRESENTATION_CONTEXT('2D SPACE',''
  ) );
#96 = PCURVE('',#97,#102);
#97 = PLANE('',#98);
#98 = AXIS2_PLACEMENT_3D('',#99,#100,#101);
#99 = CARTESIAN_POINT('',(35.,-129.9038106,560.));
#100 = DIRECTION('',(-0.587785252718,-0.809016994066,0.));
#101 = DIRECTION('',(0.,0.,1.));
#102 = DEFINITIONAL_REPRESENTATION('',(#103),#106);
#103 = B_SPLINE_CURVE_WITH_KNOTS('',1,(#104,#105),.UNSPECIFIED.,.F.,.F.,
  (2,2),(-47.53887887832,-16.18033982896),.PIECEWISE_BEZIER_KNOTS.);
#104 = CARTESIAN_POINT('',(-10.,31.358539049356));
#105 = CARTESIAN_POINT('',(-10.,0.));
#106 = ( GEOMETRIC_REPRESENTATION_CONTEXT(2) 
PARAMETRIC_REPRESENTATION_CONTEXT() REPRESENTATION_CONTEXT('2D SPACE',''
  ) );
#107 = ORIENTED_EDGE('',*,*,#108,.F.);
#108 = EDGE_CURVE('',#109,#83,#111,.T.);
#109 = VERTEX_POINT('',#110);
#110 = CARTESIAN_POINT('',(-11.3525492,-88.1677878,550.));
#111 = SURFACE_CURVE('',#112,(#116,#122),.PCURVE_S1.);
#112 = LINE('',#113,#114);
#113 = CARTESIAN_POINT('',(20.359554563083,-123.3876471485,550.));
#114 = VECTOR('',#115,1.);
#115 = DIRECTION('',(0.669130605963,-0.743144825834,-1.323361361541E-16)
  );
#116 = PCURVE('',#32,#117);
#117 = DEFINITIONAL_REPRESENTATION('',(#118),#121);
#118 = B_SPLINE_CURVE_WITH_KNOTS('',1,(#119,#120),.UNSPECIFIED.,.F.,.F.,
  (2,2),(-47.39299544881,-16.03445645358),.PIECEWISE_BEZIER_KNOTS.);
#119 = CARTESIAN_POINT('',(-56.9810342,158.0746893));
#120 = CARTESIAN_POINT('',(-80.2849702,137.0917311));
#121 = ( GEOMETRIC_REPRESENTATION_CONTEXT(2) 
PARAMETRIC_REPRESENTATION_CONTEXT() REPRESENTATION_CONTEXT('2D SPACE',''
  ) );
#122 = PCURVE('',#123,#128);
#123 = PLANE('',#124);
#124 = AXIS2_PLACEMENT_3D('',#125,#126,#127);
#125 = CARTESIAN_POINT('',(9.630409,-111.4717238,560.));
#126 = DIRECTION('',(-0.743144825834,-0.669130605963,0.));
#127 = DIRECTION('',(0.,0.,1.));
#128 = DEFINITIONAL_REPRESENTATION('',(#129),#132);
#129 = B_SPLINE_CURVE_WITH_KNOTS('',1,(#130,#131),.UNSPECIFIED.,.F.,.F.,
  (2,2),(-47.39299544881,-16.03445645358),.PIECEWISE_BEZIER_KNOTS.);
#130 = CARTESIAN_POINT('',(-10.,31.358538995225));
#131 = CARTESIAN_POINT('',(-10.,0.));
#132 = ( GEOMETRIC_REPRESENTATION_CONTEXT(2) 
PARAMETRIC_REPRESENTATION_CONTEXT() REPRESENTATION_CONTEXT('2D SPACE',''
  ) );
#133 = ORIENTED_EDGE('',*,*,#134,.F.);
#134 = EDGE_CURVE('',#135,#109,#137,.T.);
#135 = VERTEX_POINT('',#136);
#136 = CARTESIAN_POINT('',(-27.0318186,-61.0104965,550.));
#137 = SURFACE_CURVE('',#138,(#142,#148),.PCURVE_S1.);
#138 = LINE('',#139,#140);
#139 = CARTESIAN_POINT('',(-3.929968888921,-101.0240740569,550.));
#140 = VECTOR('',#141,1.);
#141 = DIRECTION('',(0.499999998983,-0.866025404372,-9.888662594834E-17)
  );
#142 = PCURVE('',#32,#143);
#143 = DEFINITIONAL_REPRESENTATION('',(#144),#147);
#144 = B_SPLINE_CURVE_WITH_KNOTS('',1,(#145,#146),.UNSPECIFIED.,.F.,.F.,
  (2,2),(-46.20369951612,-14.84516065234),.PIECEWISE_BEZIER_KNOTS.);
#145 = CARTESIAN_POINT('',(-29.8237429,173.7539587));
#146 = CARTESIAN_POINT('',(-56.9810342,158.0746893));
#147 = ( GEOMETRIC_REPRESENTATION_CONTEXT(2) 
PARAMETRIC_REPRESENTATION_CONTEXT() REPRESENTATION_CONTEXT('2D SPACE',''
  ) );
#148 = PCURVE('',#149,#154);
#149 = PLANE('',#150);
#150 = AXIS2_PLACEMENT_3D('',#151,#152,#153);
#151 = CARTESIAN_POINT('',(-11.3525492,-88.1677878,560.));
#152 = DIRECTION('',(-0.866025404372,-0.499999998983,0.));
#153 = DIRECTION('',(0.,0.,1.));
#154 = DEFINITIONAL_REPRESENTATION('',(#155),#158);
#155 = B_SPLINE_CURVE_WITH_KNOTS('',1,(#156,#157),.UNSPECIFIED.,.F.,.F.,
  (2,2),(-46.20369951612,-14.84516065234),.PIECEWISE_BEZIER_KNOTS.);
#156 = CARTESIAN_POINT('',(-10.,31.358538863774));
#157 = CARTESIAN_POINT('',(-10.,0.));
#158 = ( GEOMETRIC_REPRESENTATION_CONTEXT(2) 
PARAMETRIC_REPRESENTATION_CONTEXT() REPRESENTATION_CONTEXT('2D SPACE',''
  ) );
#159 = ORIENTED_EDGE('',*,*,#160,.F.);
#160 = EDGE_CURVE('',#161,#135,#163,.T.);
#161 = VERTEX_POINT('',#162);
#162 = CARTESIAN_POINT('',(-36.7221401,-31.1867536,550.));
#163 = SURFACE_CURVE('',#164,(#168,#174),.PCURVE_S1.);
#164 = LINE('',#165,#166);
#165 = CARTESIAN_POINT('',(-23.11829432384,-73.05508571665,550.));
#166 = VECTOR('',#167,1.);
#167 = DIRECTION('',(0.309016994848,-0.951056516141,-6.111529608674E-17)
  );
#168 = PCURVE('',#32,#169);
#169 = DEFINITIONAL_REPRESENTATION('',(#170),#173);
#170 = B_SPLINE_CURVE_WITH_KNOTS('',1,(#171,#172),.UNSPECIFIED.,.F.,.F.,
  (2,2),(-44.02296961964,-12.66443056983),.PIECEWISE_BEZIER_KNOTS.);
#171 = CARTESIAN_POINT('',(7.105427357601E-15,183.4442802));
#172 = CARTESIAN_POINT('',(-29.8237429,173.7539587));
#173 = ( GEOMETRIC_REPRESENTATION_CONTEXT(2) 
PARAMETRIC_REPRESENTATION_CONTEXT() REPRESENTATION_CONTEXT('2D SPACE',''
  ) );
#174 = PCURVE('',#175,#180);
#175 = PLANE('',#176);
#176 = AXIS2_PLACEMENT_3D('',#177,#178,#179);
#177 = CARTESIAN_POINT('',(-27.0318186,-61.0104965,560.));
#178 = DIRECTION('',(-0.951056516141,-0.309016994848,0.));
#179 = DIRECTION('',(0.,0.,1.));
#180 = DEFINITIONAL_REPRESENTATION('',(#181),#184);
#181 = B_SPLINE_CURVE_WITH_KNOTS('',1,(#182,#183),.UNSPECIFIED.,.F.,.F.,
  (2,2),(-44.02296961964,-12.66443056983),.PIECEWISE_BEZIER_KNOTS.);
#182 = CARTESIAN_POINT('',(-10.,31.358539049813));
#183 = CARTESIAN_POINT('',(-10.,0.));
#184 = ( GEOMETRIC_REPRESENTATION_CONTEXT(2) 
PARAMETRIC_REPRESENTATION_CONTEXT() REPRESENTATION_CONTEXT('2D SPACE',''
  ) );
#185 = ORIENTED_EDGE('',*,*,#186,.F.);
#186 = EDGE_CURVE('',#187,#161,#189,.T.);
#187 = VERTEX_POINT('',#188);
#188 = CARTESIAN_POINT('',(-40.,0.,550.));
#189 = SURFACE_CURVE('',#190,(#194,#200),.PCURVE_S1.);
#190 = LINE('',#191,#192);
#191 = CARTESIAN_POINT('',(-35.71996567896,-40.72180625224,550.));
#192 = VECTOR('',#193,1.);
#193 = DIRECTION('',(0.10452846366,-0.994521895327,-2.067293421593E-17)
  );
#194 = PCURVE('',#32,#195);
#195 = DEFINITIONAL_REPRESENTATION('',(#196),#199);
#196 = B_SPLINE_CURVE_WITH_KNOTS('',1,(#197,#198),.UNSPECIFIED.,.F.,.F.,
  (2,2),(-40.9461133471,-9.5875743883),.PIECEWISE_BEZIER_KNOTS.);
#197 = CARTESIAN_POINT('',(31.1867536,186.7221401));
#198 = CARTESIAN_POINT('',(-1.7763568394E-15,183.4442802));
#199 = ( GEOMETRIC_REPRESENTATION_CONTEXT(2) 
PARAMETRIC_REPRESENTATION_CONTEXT() REPRESENTATION_CONTEXT('2D SPACE',''
  ) );
#200 = PCURVE('',#201,#206);
#201 = PLANE('',#202);
#202 = AXIS2_PLACEMENT_3D('',#203,#204,#205);
#203 = CARTESIAN_POINT('',(-36.7221401,-31.1867536,560.));
#204 = DIRECTION('',(-0.994521895327,-0.10452846366,0.));
#205 = DIRECTION('',(0.,0.,1.));
#206 = DEFINITIONAL_REPRESENTATION('',(#207),#210);
#207 = B_SPLINE_CURVE_WITH_KNOTS('',1,(#208,#209),.UNSPECIFIED.,.F.,.F.,
  (2,2),(-40.9461133471,-9.5875743883),.PIECEWISE_BEZIER_KNOTS.);
#208 = CARTESIAN_POINT('',(-10.,31.358538958809));
#209 = CARTESIAN_POINT('',(-10.,0.));
#210 = ( GEOMETRIC_REPRESENTATION_CONTEXT(2) 
PARAMETRIC_REPRESENTATION_CONTEXT() REPRESENTATION_CONTEXT('2D SPACE',''
  ) );
#211 = ORIENTED_EDGE('',*,*,#212,.F.);
#212 = EDGE_CURVE('',#213,#187,#215,.T.);
#213 = VERTEX_POINT('',#214);
#214 = CARTESIAN_POINT('',(-36.7221401,31.1867536,550.));
#215 = SURFACE_CURVE('',#216,(#220,#226),.PCURVE_S1.);
#216 = LINE('',#217,#218);
#217 = CARTESIAN_POINT('',(-40.60094097705,-5.717571449457,550.));
#218 = VECTOR('',#219,1.);
#219 = DIRECTION('',(-0.10452846366,-0.994521895327,2.067293421593E-17)
  );
#220 = PCURVE('',#32,#221);
#221 = DEFINITIONAL_REPRESENTATION('',(#222),#225);
#222 = B_SPLINE_CURVE_WITH_KNOTS('',1,(#223,#224),.UNSPECIFIED.,.F.,.F.,
  (2,2),(-37.10760439047,-5.749065431664),.PIECEWISE_BEZIER_KNOTS.);
#223 = CARTESIAN_POINT('',(62.3735072,183.4442802));
#224 = CARTESIAN_POINT('',(31.1867536,186.7221401));
#225 = ( GEOMETRIC_REPRESENTATION_CONTEXT(2) 
PARAMETRIC_REPRESENTATION_CONTEXT() REPRESENTATION_CONTEXT('2D SPACE',''
  ) );
#226 = PCURVE('',#227,#232);
#227 = PLANE('',#228);
#228 = AXIS2_PLACEMENT_3D('',#229,#230,#231);
#229 = CARTESIAN_POINT('',(-40.,0.,560.));
#230 = DIRECTION('',(-0.994521895327,0.10452846366,0.));
#231 = DIRECTION('',(0.,0.,1.));
#232 = DEFINITIONAL_REPRESENTATION('',(#233),#236);
#233 = B_SPLINE_CURVE_WITH_KNOTS('',1,(#234,#235),.UNSPECIFIED.,.F.,.F.,
  (2,2),(-37.10760439047,-5.749065431664),.PIECEWISE_BEZIER_KNOTS.);
#234 = CARTESIAN_POINT('',(-10.,31.358538958809));
#235 = CARTESIAN_POINT('',(-10.,0.));
#236 = ( GEOMETRIC_REPRESENTATION_CONTEXT(2) 
PARAMETRIC_REPRESENTATION_CONTEXT() REPRESENTATION_CONTEXT('2D SPACE',''
  ) );
#237 = ORIENTED_EDGE('',*,*,#238,.F.);
#238 = EDGE_CURVE('',#239,#213,#241,.T.);
#239 = VERTEX_POINT('',#240);
#240 = CARTESIAN_POINT('',(-27.0318186,61.0104965,550.));
#241 = SURFACE_CURVE('',#242,(#246,#252),.PCURVE_S1.);
#242 = LINE('',#243,#244);
#243 = CARTESIAN_POINT('',(-37.12901200288,29.934530644887,550.));
#244 = VECTOR('',#245,1.);
#245 = DIRECTION('',(-0.309016994848,-0.951056516141,6.111529608674E-17)
  );
#246 = PCURVE('',#32,#247);
#247 = DEFINITIONAL_REPRESENTATION('',(#248),#251);
#248 = B_SPLINE_CURVE_WITH_KNOTS('',1,(#249,#250),.UNSPECIFIED.,.F.,.F.,
  (2,2),(-32.67520418365,-1.316665133839),.PIECEWISE_BEZIER_KNOTS.);
#249 = CARTESIAN_POINT('',(92.1972501,173.7539587));
#250 = CARTESIAN_POINT('',(62.3735072,183.4442802));
#251 = ( GEOMETRIC_REPRESENTATION_CONTEXT(2) 
PARAMETRIC_REPRESENTATION_CONTEXT() REPRESENTATION_CONTEXT('2D SPACE',''
  ) );
#252 = PCURVE('',#253,#258);
#253 = PLANE('',#254);
#254 = AXIS2_PLACEMENT_3D('',#255,#256,#257);
#255 = CARTESIAN_POINT('',(-36.7221401,31.1867536,560.));
#256 = DIRECTION('',(-0.951056516141,0.309016994848,0.));
#257 = DIRECTION('',(0.,0.,1.));
#258 = DEFINITIONAL_REPRESENTATION('',(#259),#262);
#259 = B_SPLINE_CURVE_WITH_KNOTS('',1,(#260,#261),.UNSPECIFIED.,.F.,.F.,
  (2,2),(-32.67520418365,-1.316665133839),.PIECEWISE_BEZIER_KNOTS.);
#260 = CARTESIAN_POINT('',(-10.,31.358539049813));
#261 = CARTESIAN_POINT('',(-10.,0.));
#262 = ( GEOMETRIC_REPRESENTATION_CONTEXT(2) 
PARAMETRIC_REPRESENTATION_CONTEXT() REPRESENTATION_CONTEXT('2D SPACE',''
  ) );
#263 = ORIENTED_EDGE('',*,*,#264,.F.);
#264 = EDGE_CURVE('',#265,#239,#267,.T.);
#265 = VERTEX_POINT('',#266);
#266 = CARTESIAN_POINT('',(-11.3525492,88.1677878,550.));
#267 = SURFACE_CURVE('',#268,(#272,#278),.PCURVE_S1.);
#268 = LINE('',#269,#270);
#269 = CARTESIAN_POINT('',(-25.27386401019,64.055363175199,550.));
#270 = VECTOR('',#271,1.);
#271 = DIRECTION('',(-0.499999998983,-0.866025404372,9.888662594834E-17)
  );
#272 = PCURVE('',#32,#273);
#273 = DEFINITIONAL_REPRESENTATION('',(#274),#277);
#274 = B_SPLINE_CURVE_WITH_KNOTS('',1,(#275,#276),.UNSPECIFIED.,.F.,.F.,
  (2,2),(-27.84262967701,3.515909186761),.PIECEWISE_BEZIER_KNOTS.);
#275 = CARTESIAN_POINT('',(119.3545414,158.0746893));
#276 = CARTESIAN_POINT('',(92.1972501,173.7539587));
#277 = ( GEOMETRIC_REPRESENTATION_CONTEXT(2) 
PARAMETRIC_REPRESENTATION_CONTEXT() REPRESENTATION_CONTEXT('2D SPACE',''
  ) );
#278 = PCURVE('',#279,#284);
#279 = PLANE('',#280);
#280 = AXIS2_PLACEMENT_3D('',#281,#282,#283);
#281 = CARTESIAN_POINT('',(-27.0318186,61.0104965,560.));
#282 = DIRECTION('',(-0.866025404372,0.499999998983,0.));
#283 = DIRECTION('',(0.,0.,1.));
#284 = DEFINITIONAL_REPRESENTATION('',(#285),#288);
#285 = B_SPLINE_CURVE_WITH_KNOTS('',1,(#286,#287),.UNSPECIFIED.,.F.,.F.,
  (2,2),(-27.84262967701,3.515909186761),.PIECEWISE_BEZIER_KNOTS.);
#286 = CARTESIAN_POINT('',(-10.,31.358538863774));
#287 = CARTESIAN_POINT('',(-10.,0.));
#288 = ( GEOMETRIC_REPRESENTATION_CONTEXT(2) 
PARAMETRIC_REPRESENTATION_CONTEXT() REPRESENTATION_CONTEXT('2D SPACE',''
  ) );
#289 = ORIENTED_EDGE('',*,*,#290,.F.);
#290 = EDGE_CURVE('',#291,#265,#293,.T.);
#291 = VERTEX_POINT('',#292);
#292 = CARTESIAN_POINT('',(9.630409,111.4717238,550.));
#293 = SURFACE_CURVE('',#294,(#298,#304),.PCURVE_S1.);
#294 = LINE('',#295,#296);
#295 = CARTESIAN_POINT('',(-5.63987918551,94.512350617973,550.));
#296 = VECTOR('',#297,1.);
#297 = DIRECTION('',(-0.669130605963,-0.743144825834,1.323361361541E-16)
  );
#298 = PCURVE('',#32,#299);
#299 = DEFINITIONAL_REPRESENTATION('',(#300),#303);
#300 = B_SPLINE_CURVE_WITH_KNOTS('',1,(#301,#302),.UNSPECIFIED.,.F.,.F.,
  (2,2),(-22.8210876164,8.537451378817),.PIECEWISE_BEZIER_KNOTS.);
#301 = CARTESIAN_POINT('',(142.6584774,137.0917311));
#302 = CARTESIAN_POINT('',(119.3545414,158.0746893));
#303 = ( GEOMETRIC_REPRESENTATION_CONTEXT(2) 
PARAMETRIC_REPRESENTATION_CONTEXT() REPRESENTATION_CONTEXT('2D SPACE',''
  ) );
#304 = PCURVE('',#305,#310);
#305 = PLANE('',#306);
#306 = AXIS2_PLACEMENT_3D('',#307,#308,#309);
#307 = CARTESIAN_POINT('',(-11.3525492,88.1677878,560.));
#308 = DIRECTION('',(-0.743144825834,0.669130605963,0.));
#309 = DIRECTION('',(0.,0.,1.));
#310 = DEFINITIONAL_REPRESENTATION('',(#311),#314);
#311 = B_SPLINE_CURVE_WITH_KNOTS('',1,(#312,#313),.UNSPECIFIED.,.F.,.F.,
  (2,2),(-22.8210876164,8.537451378817),.PIECEWISE_BEZIER_KNOTS.);
#312 = CARTESIAN_POINT('',(-10.,31.358538995225));
#313 = CARTESIAN_POINT('',(-10.,0.));
#314 = ( GEOMETRIC_REPRESENTATION_CONTEXT(2) 
PARAMETRIC_REPRESENTATION_CONTEXT() REPRESENTATION_CONTEXT('2D SPACE',''
  ) );
#315 = ORIENTED_EDGE('',*,*,#316,.F.);
#316 = EDGE_CURVE('',#317,#291,#319,.T.);
#317 = VERTEX_POINT('',#318);
#318 = CARTESIAN_POINT('',(35.,129.9038106,550.));
#319 = SURFACE_CURVE('',#320,(#324,#330),.PCURVE_S1.);
#320 = LINE('',#321,#322);
#321 = CARTESIAN_POINT('',(20.575191769635,119.42357395072,550.));
#322 = VECTOR('',#323,1.);
#323 = DIRECTION('',(-0.809016994066,-0.587785252718,1.600019220814E-16)
  );
#324 = PCURVE('',#32,#325);
#325 = DEFINITIONAL_REPRESENTATION('',(#326),#329);
#326 = B_SPLINE_CURVE_WITH_KNOTS('',1,(#327,#328),.UNSPECIFIED.,.F.,.F.,
  (2,2),(-17.83004354194,13.52849550741),.PIECEWISE_BEZIER_KNOTS.);
#327 = CARTESIAN_POINT('',(161.0905642,111.7221401));
#328 = CARTESIAN_POINT('',(142.6584774,137.0917311));
#329 = ( GEOMETRIC_REPRESENTATION_CONTEXT(2) 
PARAMETRIC_REPRESENTATION_CONTEXT() REPRESENTATION_CONTEXT('2D SPACE',''
  ) );
#330 = PCURVE('',#331,#336);
#331 = PLANE('',#332);
#332 = AXIS2_PLACEMENT_3D('',#333,#334,#335);
#333 = CARTESIAN_POINT('',(9.630409,111.4717238,560.));
#334 = DIRECTION('',(-0.587785252718,0.809016994066,0.));
#335 = DIRECTION('',(0.,0.,1.));
#336 = DEFINITIONAL_REPRESENTATION('',(#337),#340);
#337 = B_SPLINE_CURVE_WITH_KNOTS('',1,(#338,#339),.UNSPECIFIED.,.F.,.F.,
  (2,2),(-17.83004354194,13.52849550741),.PIECEWISE_BEZIER_KNOTS.);
#338 = CARTESIAN_POINT('',(-10.,31.358539049356));
#339 = CARTESIAN_POINT('',(-10.,0.));
#340 = ( GEOMETRIC_REPRESENTATION_CONTEXT(2) 
PARAMETRIC_REPRESENTATION_CONTEXT() REPRESENTATION_CONTEXT('2D SPACE',''
  ) );
#341 = ORIENTED_EDGE('',*,*,#342,.F.);
#342 = EDGE_CURVE('',#343,#317,#345,.T.);
#343 = VERTEX_POINT('',#344);
#344 = CARTESIAN_POINT('',(55.,138.80838426628,550.));
#345 = SURFACE_CURVE('',#346,(#350,#356),.PCURVE_S1.);
#346 = LINE('',#347,#348);
#347 = CARTESIAN_POINT('',(51.691306216366,137.33525888951,550.));
#348 = VECTOR('',#349,1.);
#349 = DIRECTION('',(-0.913545458319,-0.406736641555,1.806748564147E-16)
  );
#350 = PCURVE('',#32,#351);
#351 = DEFINITIONAL_REPRESENTATION('',(#352),#355);
#352 = B_SPLINE_CURVE_WITH_KNOTS('',1,(#353,#354),.UNSPECIFIED.,.F.,.F.,
  (2,2),(-13.08762960261,18.27090930655),.PIECEWISE_BEZIER_KNOTS.);
#353 = CARTESIAN_POINT('',(173.845231,83.0746893));
#354 = CARTESIAN_POINT('',(161.0905642,111.7221401));
#355 = ( GEOMETRIC_REPRESENTATION_CONTEXT(2) 
PARAMETRIC_REPRESENTATION_CONTEXT() REPRESENTATION_CONTEXT('2D SPACE',''
  ) );
#356 = PCURVE('',#357,#362);
#357 = PLANE('',#358);
#358 = AXIS2_PLACEMENT_3D('',#359,#360,#361);
#359 = CARTESIAN_POINT('',(35.,129.9038106,560.));
#360 = DIRECTION('',(-0.406736641555,0.913545458319,0.));
#361 = DIRECTION('',(0.,0.,1.));
#362 = DEFINITIONAL_REPRESENTATION('',(#363),#366);
#363 = B_SPLINE_CURVE_WITH_KNOTS('',1,(#364,#365),.UNSPECIFIED.,.F.,.F.,
  (2,2),(-13.08762960261,18.27090930655),.PIECEWISE_BEZIER_KNOTS.);
#364 = CARTESIAN_POINT('',(-10.,31.358538909162));
#365 = CARTESIAN_POINT('',(-10.,0.));
#366 = ( GEOMETRIC_REPRESENTATION_CONTEXT(2) 
PARAMETRIC_REPRESENTATION_CONTEXT() REPRESENTATION_CONTEXT('2D SPACE',''
  ) );
#367 = ORIENTED_EDGE('',*,*,#368,.F.);
#368 = EDGE_CURVE('',#369,#343,#371,.T.);
#369 = VERTEX_POINT('',#370);
#370 = CARTESIAN_POINT('',(46.3525492,142.6584774,550.));
#371 = SURFACE_CURVE('',#372,(#376,#383),.PCURVE_S1.);
#372 = LINE('',#373,#374);
#373 = CARTESIAN_POINT('',(46.3525492,142.6584774,550.));
#374 = VECTOR('',#375,1.);
#375 = DIRECTION('',(0.913545458319,-0.406736641555,0.));
#376 = PCURVE('',#32,#377);
#377 = DEFINITIONAL_REPRESENTATION('',(#378),#382);
#378 = LINE('',#379,#380);
#379 = CARTESIAN_POINT('',(173.845231,100.3695909));
#380 = VECTOR('',#381,1.);
#381 = DIRECTION('',(-0.406736641555,-0.913545458319));
#382 = ( GEOMETRIC_REPRESENTATION_CONTEXT(2) 
PARAMETRIC_REPRESENTATION_CONTEXT() REPRESENTATION_CONTEXT('2D SPACE',''
  ) );
#383 = PCURVE('',#384,#389);
#384 = PLANE('',#385);
#385 = AXIS2_PLACEMENT_3D('',#386,#387,#388);
#386 = CARTESIAN_POINT('',(46.3525492,142.6584774,550.));
#387 = DIRECTION('',(0.406736641555,0.913545458319,0.));
#388 = DIRECTION('',(0.,-0.,1.));
#389 = DEFINITIONAL_REPRESENTATION('',(#390),#394);
#390 = LINE('',#391,#392);
#391 = CARTESIAN_POINT('',(0.,0.));
#392 = VECTOR('',#393,1.);
#393 = DIRECTION('',(0.,1.));
#394 = ( GEOMETRIC_REPRESENTATION_CONTEXT(2) 
PARAMETRIC_REPRESENTATION_CONTEXT() REPRESENTATION_CONTEXT('2D SPACE',''
  ) );
#395 = ORIENTED_EDGE('',*,*,#396,.F.);
#396 = EDGE_CURVE('',#397,#369,#399,.T.);
#397 = VERTEX_POINT('',#398);
#398 = CARTESIAN_POINT('',(15.6792695,149.1782843,550.));
#399 = SURFACE_CURVE('',#400,(#404,#411),.PCURVE_S1.);
#400 = LINE('',#401,#402);
#401 = CARTESIAN_POINT('',(15.6792695,149.1782843,550.));
#402 = VECTOR('',#403,1.);
#403 = DIRECTION('',(0.978147600527,-0.207911691789,0.));
#404 = PCURVE('',#32,#405);
#405 = DEFINITIONAL_REPRESENTATION('',(#406),#410);
#406 = LINE('',#407,#408);
#407 = CARTESIAN_POINT('',(180.3650379,131.0428706));
#408 = VECTOR('',#409,1.);
#409 = DIRECTION('',(-0.207911691789,-0.978147600527));
#410 = ( GEOMETRIC_REPRESENTATION_CONTEXT(2) 
PARAMETRIC_REPRESENTATION_CONTEXT() REPRESENTATION_CONTEXT('2D SPACE',''
  ) );
#411 = PCURVE('',#412,#417);
#412 = PLANE('',#413);
#413 = AXIS2_PLACEMENT_3D('',#414,#415,#416);
#414 = CARTESIAN_POINT('',(15.6792695,149.1782843,550.));
#415 = DIRECTION('',(0.207911691789,0.978147600527,0.));
#416 = DIRECTION('',(0.,-0.,1.));
#417 = DEFINITIONAL_REPRESENTATION('',(#418),#422);
#418 = LINE('',#419,#420);
#419 = CARTESIAN_POINT('',(0.,0.));
#420 = VECTOR('',#421,1.);
#421 = DIRECTION('',(0.,1.));
#422 = ( GEOMETRIC_REPRESENTATION_CONTEXT(2) 
PARAMETRIC_REPRESENTATION_CONTEXT() REPRESENTATION_CONTEXT('2D SPACE',''
  ) );
#423 = ORIENTED_EDGE('',*,*,#424,.F.);
#424 = EDGE_CURVE('',#425,#397,#427,.T.);
#425 = VERTEX_POINT('',#426);
#426 = CARTESIAN_POINT('',(-15.6792695,149.1782843,550.));
#427 = SURFACE_CURVE('',#428,(#432,#439),.PCURVE_S1.);
#428 = LINE('',#429,#430);
#429 = CARTESIAN_POINT('',(-15.6792695,149.1782843,550.));
#430 = VECTOR('',#431,1.);
#431 = DIRECTION('',(1.,0.,0.));
#432 = PCURVE('',#32,#433);
#433 = DEFINITIONAL_REPRESENTATION('',(#434),#438);
#434 = LINE('',#435,#436);
#435 = CARTESIAN_POINT('',(180.3650379,162.4014096));
#436 = VECTOR('',#437,1.);
#437 = DIRECTION('',(0.,-1.));
#438 = ( GEOMETRIC_REPRESENTATION_CONTEXT(2) 
PARAMETRIC_REPRESENTATION_CONTEXT() REPRESENTATION_CONTEXT('2D SPACE',''
  ) );
#439 = PCURVE('',#440,#445);
#440 = PLANE('',#441);
#441 = AXIS2_PLACEMENT_3D('',#442,#443,#444);
#442 = CARTESIAN_POINT('',(-15.6792695,149.1782843,550.));
#443 = DIRECTION('',(0.,1.,0.));
#444 = DIRECTION('',(1.,0.,0.));
#445 = DEFINITIONAL_REPRESENTATION('',(#446),#450);
#446 = LINE('',#447,#448);
#447 = CARTESIAN_POINT('',(0.,0.));
#448 = VECTOR('',#449,1.);
#449 = DIRECTION('',(1.,0.));
#450 = ( GEOMETRIC_REPRESENTATION_CONTEXT(2) 
PARAMETRIC_REPRESENTATION_CONTEXT() REPRESENTATION_CONTEXT('2D SPACE',''
  ) );
#451 = ORIENTED_EDGE('',*,*,#452,.F.);
#452 = EDGE_CURVE('',#453,#425,#455,.T.);
#453 = VERTEX_POINT('',#454);
#454 = CARTESIAN_POINT('',(-46.3525492,142.6584774,550.));
#455 = SURFACE_CURVE('',#456,(#460,#467),.PCURVE_S1.);
#456 = LINE('',#457,#458);
#457 = CARTESIAN_POINT('',(-46.3525492,142.6584774,550.));
#458 = VECTOR('',#459,1.);
#459 = DIRECTION('',(0.978147600527,0.207911691789,0.));
#460 = PCURVE('',#32,#461);
#461 = DEFINITIONAL_REPRESENTATION('',(#462),#466);
#462 = LINE('',#463,#464);
#463 = CARTESIAN_POINT('',(173.845231,193.0746893));
#464 = VECTOR('',#465,1.);
#465 = DIRECTION('',(0.207911691789,-0.978147600527));
#466 = ( GEOMETRIC_REPRESENTATION_CONTEXT(2) 
PARAMETRIC_REPRESENTATION_CONTEXT() REPRESENTATION_CONTEXT('2D SPACE',''
  ) );
#467 = PCURVE('',#468,#473);
#468 = PLANE('',#469);
#469 = AXIS2_PLACEMENT_3D('',#470,#471,#472);
#470 = CARTESIAN_POINT('',(-46.3525492,142.6584774,550.));
#471 = DIRECTION('',(-0.207911691789,0.978147600527,0.));
#472 = DIRECTION('',(0.,0.,1.));
#473 = DEFINITIONAL_REPRESENTATION('',(#474),#478);
#474 = LINE('',#475,#476);
#475 = CARTESIAN_POINT('',(0.,0.));
#476 = VECTOR('',#477,1.);
#477 = DIRECTION('',(0.,1.));
#478 = ( GEOMETRIC_REPRESENTATION_CONTEXT(2) 
PARAMETRIC_REPRESENTATION_CONTEXT() REPRESENTATION_CONTEXT('2D SPACE',''
  ) );
#479 = ORIENTED_EDGE('',*,*,#480,.F.);
#480 = EDGE_CURVE('',#481,#453,#483,.T.);
#481 = VERTEX_POINT('',#482);
#482 = CARTESIAN_POINT('',(-75.,129.9038106,550.));
#483 = SURFACE_CURVE('',#484,(#488,#495),.PCURVE_S1.);
#484 = LINE('',#485,#486);
#485 = CARTESIAN_POINT('',(-75.,129.9038106,550.));
#486 = VECTOR('',#487,1.);
#487 = DIRECTION('',(0.913545458319,0.406736641555,0.));
#488 = PCURVE('',#32,#489);
#489 = DEFINITIONAL_REPRESENTATION('',(#490),#494);
#490 = LINE('',#491,#492);
#491 = CARTESIAN_POINT('',(161.0905642,221.7221401));
#492 = VECTOR('',#493,1.);
#493 = DIRECTION('',(0.406736641555,-0.913545458319));
#494 = ( GEOMETRIC_REPRESENTATION_CONTEXT(2) 
PARAMETRIC_REPRESENTATION_CONTEXT() REPRESENTATION_CONTEXT('2D SPACE',''
  ) );
#495 = PCURVE('',#496,#501);
#496 = PLANE('',#497);
#497 = AXIS2_PLACEMENT_3D('',#498,#499,#500);
#498 = CARTESIAN_POINT('',(-75.,129.9038106,550.));
#499 = DIRECTION('',(-0.406736641555,0.913545458319,0.));
#500 = DIRECTION('',(0.,0.,1.));
#501 = DEFINITIONAL_REPRESENTATION('',(#502),#506);
#502 = LINE('',#503,#504);
#503 = CARTESIAN_POINT('',(0.,0.));
#504 = VECTOR('',#505,1.);
#505 = DIRECTION('',(0.,1.));
#506 = ( GEOMETRIC_REPRESENTATION_CONTEXT(2) 
PARAMETRIC_REPRESENTATION_CONTEXT() REPRESENTATION_CONTEXT('2D SPACE',''
  ) );
#507 = ORIENTED_EDGE('',*,*,#508,.F.);
#508 = EDGE_CURVE('',#509,#481,#511,.T.);
#509 = VERTEX_POINT('',#510);
#510 = CARTESIAN_POINT('',(-100.369591,111.4717238,550.));
#511 = SURFACE_CURVE('',#512,(#516,#523),.PCURVE_S1.);
#512 = LINE('',#513,#514);
#513 = CARTESIAN_POINT('',(-100.369591,111.4717238,550.));
#514 = VECTOR('',#515,1.);
#515 = DIRECTION('',(0.809016994066,0.587785252718,0.));
#516 = PCURVE('',#32,#517);
#517 = DEFINITIONAL_REPRESENTATION('',(#518),#522);
#518 = LINE('',#519,#520);
#519 = CARTESIAN_POINT('',(142.6584774,247.0917311));
#520 = VECTOR('',#521,1.);
#521 = DIRECTION('',(0.587785252718,-0.809016994066));
#522 = ( GEOMETRIC_REPRESENTATION_CONTEXT(2) 
PARAMETRIC_REPRESENTATION_CONTEXT() REPRESENTATION_CONTEXT('2D SPACE',''
  ) );
#523 = PCURVE('',#524,#529);
#524 = PLANE('',#525);
#525 = AXIS2_PLACEMENT_3D('',#526,#527,#528);
#526 = CARTESIAN_POINT('',(-100.369591,111.4717238,550.));
#527 = DIRECTION('',(-0.587785252718,0.809016994066,0.));
#528 = DIRECTION('',(0.,0.,1.));
#529 = DEFINITIONAL_REPRESENTATION('',(#530),#534);
#530 = LINE('',#531,#532);
#531 = CARTESIAN_POINT('',(0.,0.));
#532 = VECTOR('',#533,1.);
#533 = DIRECTION('',(0.,1.));
#534 = ( GEOMETRIC_REPRESENTATION_CONTEXT(2) 
PARAMETRIC_REPRESENTATION_CONTEXT() REPRESENTATION_CONTEXT('2D SPACE',''
  ) );
#535 = ORIENTED_EDGE('',*,*,#536,.F.);
#536 = EDGE_CURVE('',#537,#509,#539,.T.);
#537 = VERTEX_POINT('',#538);
#538 = CARTESIAN_POINT('',(-121.3525492,88.1677878,550.));
#539 = SURFACE_CURVE('',#540,(#544,#551),.PCURVE_S1.);
#540 = LINE('',#541,#542);
#541 = CARTESIAN_POINT('',(-121.3525492,88.1677878,550.));
#542 = VECTOR('',#543,1.);
#543 = DIRECTION('',(0.669130605963,0.743144825834,0.));
#544 = PCURVE('',#32,#545);
#545 = DEFINITIONAL_REPRESENTATION('',(#546),#550);
#546 = LINE('',#547,#548);
#547 = CARTESIAN_POINT('',(119.3545414,268.0746893));
#548 = VECTOR('',#549,1.);
#549 = DIRECTION('',(0.743144825834,-0.669130605963));
#550 = ( GEOMETRIC_REPRESENTATION_CONTEXT(2) 
PARAMETRIC_REPRESENTATION_CONTEXT() REPRESENTATION_CONTEXT('2D SPACE',''
  ) );
#551 = PCURVE('',#552,#557);
#552 = PLANE('',#553);
#553 = AXIS2_PLACEMENT_3D('',#554,#555,#556);
#554 = CARTESIAN_POINT('',(-121.3525492,88.1677878,550.));
#555 = DIRECTION('',(-0.743144825834,0.669130605963,0.));
#556 = DIRECTION('',(0.,0.,1.));
#557 = DEFINITIONAL_REPRESENTATION('',(#558),#562);
#558 = LINE('',#559,#560);
#559 = CARTESIAN_POINT('',(0.,0.));
#560 = VECTOR('',#561,1.);
#561 = DIRECTION('',(0.,1.));
#562 = ( GEOMETRIC_REPRESENTATION_CONTEXT(2) 
PARAMETRIC_REPRESENTATION_CONTEXT() REPRESENTATION_CONTEXT('2D SPACE',''
  ) );
#563 = ORIENTED_EDGE('',*,*,#564,.F.);
#564 = EDGE_CURVE('',#565,#537,#567,.T.);
#565 = VERTEX_POINT('',#566);
#566 = CARTESIAN_POINT('',(-137.0318186,61.0104965,550.));
#567 = SURFACE_CURVE('',#568,(#572,#579),.PCURVE_S1.);
#568 = LINE('',#569,#570);
#569 = CARTESIAN_POINT('',(-137.0318186,61.0104965,550.));
#570 = VECTOR('',#571,1.);
#571 = DIRECTION('',(0.499999998983,0.866025404372,0.));
#572 = PCURVE('',#32,#573);
#573 = DEFINITIONAL_REPRESENTATION('',(#574),#578);
#574 = LINE('',#575,#576);
#575 = CARTESIAN_POINT('',(92.1972501,283.7539587));
#576 = VECTOR('',#577,1.);
#577 = DIRECTION('',(0.866025404372,-0.499999998983));
#578 = ( GEOMETRIC_REPRESENTATION_CONTEXT(2) 
PARAMETRIC_REPRESENTATION_CONTEXT() REPRESENTATION_CONTEXT('2D SPACE',''
  ) );
#579 = PCURVE('',#580,#585);
#580 = PLANE('',#581);
#581 = AXIS2_PLACEMENT_3D('',#582,#583,#584);
#582 = CARTESIAN_POINT('',(-137.0318186,61.0104965,550.));
#583 = DIRECTION('',(-0.866025404372,0.499999998983,0.));
#584 = DIRECTION('',(0.,0.,1.));
#585 = DEFINITIONAL_REPRESENTATION('',(#586),#590);
#586 = LINE('',#587,#588);
#587 = CARTESIAN_POINT('',(0.,0.));
#588 = VECTOR('',#589,1.);
#589 = DIRECTION('',(0.,1.));
#590 = ( GEOMETRIC_REPRESENTATION_CONTEXT(2) 
PARAMETRIC_REPRESENTATION_CONTEXT() REPRESENTATION_CONTEXT('2D SPACE',''
  ) );
#591 = ORIENTED_EDGE('',*,*,#592,.F.);
#592 = EDGE_CURVE('',#593,#565,#595,.T.);
#593 = VERTEX_POINT('',#594);
#594 = CARTESIAN_POINT('',(-146.7221401,31.1867536,550.));
#595 = SURFACE_CURVE('',#596,(#600,#607),.PCURVE_S1.);
#596 = LINE('',#597,#598);
#597 = CARTESIAN_POINT('',(-146.7221401,31.1867536,550.));
#598 = VECTOR('',#599,1.);
#599 = DIRECTION('',(0.309016994848,0.951056516141,0.));
#600 = PCURVE('',#32,#601);
#601 = DEFINITIONAL_REPRESENTATION('',(#602),#606);
#602 = LINE('',#603,#604);
#603 = CARTESIAN_POINT('',(62.3735072,293.4442802));
#604 = VECTOR('',#605,1.);
#605 = DIRECTION('',(0.951056516141,-0.309016994848));
#606 = ( GEOMETRIC_REPRESENTATION_CONTEXT(2) 
PARAMETRIC_REPRESENTATION_CONTEXT() REPRESENTATION_CONTEXT('2D SPACE',''
  ) );
#607 = PCURVE('',#608,#613);
#608 = PLANE('',#609);
#609 = AXIS2_PLACEMENT_3D('',#610,#611,#612);
#610 = CARTESIAN_POINT('',(-146.7221401,31.1867536,550.));
#611 = DIRECTION('',(-0.951056516141,0.309016994848,0.));
#612 = DIRECTION('',(0.,0.,1.));
#613 = DEFINITIONAL_REPRESENTATION('',(#614),#618);
#614 = LINE('',#615,#616);
#615 = CARTESIAN_POINT('',(0.,0.));
#616 = VECTOR('',#617,1.);
#617 = DIRECTION('',(0.,1.));
#618 = ( GEOMETRIC_REPRESENTATION_CONTEXT(2) 
PARAMETRIC_REPRESENTATION_CONTEXT() REPRESENTATION_CONTEXT('2D SPACE',''
  ) );
#619 = ORIENTED_EDGE('',*,*,#620,.F.);
#620 = EDGE_CURVE('',#621,#593,#623,.T.);
#621 = VERTEX_POINT('',#622);
#622 = CARTESIAN_POINT('',(-150.,0.,550.));
#623 = SURFACE_CURVE('',#624,(#628,#635),.PCURVE_S1.);
#624 = LINE('',#625,#626);
#625 = CARTESIAN_POINT('',(-150.,0.,550.));
#626 = VECTOR('',#627,1.);
#627 = DIRECTION('',(0.10452846366,0.994521895327,0.));
#628 = PCURVE('',#32,#629);
#629 = DEFINITIONAL_REPRESENTATION('',(#630),#634);
#630 = LINE('',#631,#632);
#631 = CARTESIAN_POINT('',(31.1867536,296.7221401));
#632 = VECTOR('',#633,1.);
#633 = DIRECTION('',(0.994521895327,-0.10452846366));
#634 = ( GEOMETRIC_REPRESENTATION_CONTEXT(2) 
PARAMETRIC_REPRESENTATION_CONTEXT() REPRESENTATION_CONTEXT('2D SPACE',''
  ) );
#635 = PCURVE('',#636,#641);
#636 = PLANE('',#637);
#637 = AXIS2_PLACEMENT_3D('',#638,#639,#640);
#638 = CARTESIAN_POINT('',(-150.,0.,550.));
#639 = DIRECTION('',(-0.994521895327,0.10452846366,0.));
#640 = DIRECTION('',(0.,0.,1.));
#641 = DEFINITIONAL_REPRESENTATION('',(#642),#646);
#642 = LINE('',#643,#644);
#643 = CARTESIAN_POINT('',(0.,0.));
#644 = VECTOR('',#645,1.);
#645 = DIRECTION('',(0.,1.));
#646 = ( GEOMETRIC_REPRESENTATION_CONTEXT(2) 
PARAMETRIC_REPRESENTATION_CONTEXT() REPRESENTATION_CONTEXT('2D SPACE',''
  ) );
#647 = ORIENTED_EDGE('',*,*,#648,.F.);
#648 = EDGE_CURVE('',#649,#621,#651,.T.);
#649 = VERTEX_POINT('',#650);
#650 = CARTESIAN_POINT('',(-146.7221401,-31.1867536,550.));
#651 = SURFACE_CURVE('',#652,(#656,#663),.PCURVE_S1.);
#652 = LINE('',#653,#654);
#653 = CARTESIAN_POINT('',(-146.7221401,-31.1867536,550.));
#654 = VECTOR('',#655,1.);
#655 = DIRECTION('',(-0.10452846366,0.994521895327,0.));
#656 = PCURVE('',#32,#657);
#657 = DEFINITIONAL_REPRESENTATION('',(#658),#662);
#658 = LINE('',#659,#660);
#659 = CARTESIAN_POINT('',(0.,293.4442802));
#660 = VECTOR('',#661,1.);
#661 = DIRECTION('',(0.994521895327,0.10452846366));
#662 = ( GEOMETRIC_REPRESENTATION_CONTEXT(2) 
PARAMETRIC_REPRESENTATION_CONTEXT() REPRESENTATION_CONTEXT('2D SPACE',''
  ) );
#663 = PCURVE('',#664,#669);
#664 = PLANE('',#665);
#665 = AXIS2_PLACEMENT_3D('',#666,#667,#668);
#666 = CARTESIAN_POINT('',(-146.7221401,-31.1867536,550.));
#667 = DIRECTION('',(-0.994521895327,-0.10452846366,0.));
#668 = DIRECTION('',(0.,0.,1.));
#669 = DEFINITIONAL_REPRESENTATION('',(#670),#674);
#670 = LINE('',#671,#672);
#671 = CARTESIAN_POINT('',(0.,0.));
#672 = VECTOR('',#673,1.);
#673 = DIRECTION('',(0.,1.));
#674 = ( GEOMETRIC_REPRESENTATION_CONTEXT(2) 
PARAMETRIC_REPRESENTATION_CONTEXT() REPRESENTATION_CONTEXT('2D SPACE',''
  ) );
#675 = ORIENTED_EDGE('',*,*,#676,.F.);
#676 = EDGE_CURVE('',#677,#649,#679,.T.);
#677 = VERTEX_POINT('',#678);
#678 = CARTESIAN_POINT('',(-137.0318186,-61.0104965,550.));
#679 = SURFACE_CURVE('',#680,(#684,#691),.PCURVE_S1.);
#680 = LINE('',#681,#682);
#681 = CARTESIAN_POINT('',(-137.0318186,-61.0104965,550.));
#682 = VECTOR('',#683,1.);
#683 = DIRECTION('',(-0.309016994848,0.951056516141,0.));
#684 = PCURVE('',#32,#685);
#685 = DEFINITIONAL_REPRESENTATION('',(#686),#690);
#686 = LINE('',#687,#688);
#687 = CARTESIAN_POINT('',(-29.8237429,283.7539587));
#688 = VECTOR('',#689,1.);
#689 = DIRECTION('',(0.951056516141,0.309016994848));
#690 = ( GEOMETRIC_REPRESENTATION_CONTEXT(2) 
PARAMETRIC_REPRESENTATION_CONTEXT() REPRESENTATION_CONTEXT('2D SPACE',''
  ) );
#691 = PCURVE('',#692,#697);
#692 = PLANE('',#693);
#693 = AXIS2_PLACEMENT_3D('',#694,#695,#696);
#694 = CARTESIAN_POINT('',(-137.0318186,-61.0104965,550.));
#695 = DIRECTION('',(-0.951056516141,-0.309016994848,0.));
#696 = DIRECTION('',(0.,0.,1.));
#697 = DEFINITIONAL_REPRESENTATION('',(#698),#702);
#698 = LINE('',#699,#700);
#699 = CARTESIAN_POINT('',(0.,0.));
#700 = VECTOR('',#701,1.);
#701 = DIRECTION('',(0.,1.));
#702 = ( GEOMETRIC_REPRESENTATION_CONTEXT(2) 
PARAMETRIC_REPRESENTATION_CONTEXT() REPRESENTATION_CONTEXT('2D SPACE',''
  ) );
#703 = ORIENTED_EDGE('',*,*,#704,.F.);
#704 = EDGE_CURVE('',#705,#677,#707,.T.);
#705 = VERTEX_POINT('',#706);
#706 = CARTESIAN_POINT('',(-121.3525492,-88.1677878,550.));
#707 = SURFACE_CURVE('',#708,(#712,#719),.PCURVE_S1.);
#708 = LINE('',#709,#710);
#709 = CARTESIAN_POINT('',(-121.3525492,-88.1677878,550.));
#710 = VECTOR('',#711,1.);
#711 = DIRECTION('',(-0.499999998983,0.866025404372,0.));
#712 = PCURVE('',#32,#713);
#713 = DEFINITIONAL_REPRESENTATION('',(#714),#718);
#714 = LINE('',#715,#716);
#715 = CARTESIAN_POINT('',(-56.9810342,268.0746893));
#716 = VECTOR('',#717,1.);
#717 = DIRECTION('',(0.866025404372,0.499999998983));
#718 = ( GEOMETRIC_REPRESENTATION_CONTEXT(2) 
PARAMETRIC_REPRESENTATION_CONTEXT() REPRESENTATION_CONTEXT('2D SPACE',''
  ) );
#719 = PCURVE('',#720,#725);
#720 = PLANE('',#721);
#721 = AXIS2_PLACEMENT_3D('',#722,#723,#724);
#722 = CARTESIAN_POINT('',(-121.3525492,-88.1677878,550.));
#723 = DIRECTION('',(-0.866025404372,-0.499999998983,0.));
#724 = DIRECTION('',(0.,0.,1.));
#725 = DEFINITIONAL_REPRESENTATION('',(#726),#730);
#726 = LINE('',#727,#728);
#727 = CARTESIAN_POINT('',(0.,0.));
#728 = VECTOR('',#729,1.);
#729 = DIRECTION('',(0.,1.));
#730 = ( GEOMETRIC_REPRESENTATION_CONTEXT(2) 
PARAMETRIC_REPRESENTATION_CONTEXT() REPRESENTATION_CONTEXT('2D SPACE',''
  ) );
#731 = ORIENTED_EDGE('',*,*,#732,.F.);
#732 = EDGE_CURVE('',#733,#705,#735,.T.);
#733 = VERTEX_POINT('',#734);
#734 = CARTESIAN_POINT('',(-100.369591,-111.4717238,550.));
#735 = SURFACE_CURVE('',#736,(#740,#747),.PCURVE_S1.);
#736 = LINE('',#737,#738);
#737 = CARTESIAN_POINT('',(-100.369591,-111.4717238,550.));
#738 = VECTOR('',#739,1.);
#739 = DIRECTION('',(-0.669130605963,0.743144825834,0.));
#740 = PCURVE('',#32,#741);
#741 = DEFINITIONAL_REPRESENTATION('',(#742),#746);
#742 = LINE('',#743,#744);
#743 = CARTESIAN_POINT('',(-80.2849702,247.0917311));
#744 = VECTOR('',#745,1.);
#745 = DIRECTION('',(0.743144825834,0.669130605963));
#746 = ( GEOMETRIC_REPRESENTATION_CONTEXT(2) 
PARAMETRIC_REPRESENTATION_CONTEXT() REPRESENTATION_CONTEXT('2D SPACE',''
  ) );
#747 = PCURVE('',#748,#753);
#748 = PLANE('',#749);
#749 = AXIS2_PLACEMENT_3D('',#750,#751,#752);
#750 = CARTESIAN_POINT('',(-100.369591,-111.4717238,550.));
#751 = DIRECTION('',(-0.743144825834,-0.669130605963,0.));
#752 = DIRECTION('',(0.,0.,1.));
#753 = DEFINITIONAL_REPRESENTATION('',(#754),#758);
#754 = LINE('',#755,#756);
#755 = CARTESIAN_POINT('',(0.,0.));
#756 = VECTOR('',#757,1.);
#757 = DIRECTION('',(0.,1.));
#758 = ( GEOMETRIC_REPRESENTATION_CONTEXT(2) 
PARAMETRIC_REPRESENTATION_CONTEXT() REPRESENTATION_CONTEXT('2D SPACE',''
  ) );
#759 = ORIENTED_EDGE('',*,*,#760,.F.);
#760 = EDGE_CURVE('',#761,#733,#763,.T.);
#761 = VERTEX_POINT('',#762);
#762 = CARTESIAN_POINT('',(-75.,-129.9038106,550.));
#763 = SURFACE_CURVE('',#764,(#768,#775),.PCURVE_S1.);
#764 = LINE('',#765,#766);
#765 = CARTESIAN_POINT('',(-75.,-129.9038106,550.));
#766 = VECTOR('',#767,1.);
#767 = DIRECTION('',(-0.809016994066,0.587785252718,0.));
#768 = PCURVE('',#32,#769);
#769 = DEFINITIONAL_REPRESENTATION('',(#770),#774);
#770 = LINE('',#771,#772);
#771 = CARTESIAN_POINT('',(-98.717057,221.7221401));
#772 = VECTOR('',#773,1.);
#773 = DIRECTION('',(0.587785252718,0.809016994066));
#774 = ( GEOMETRIC_REPRESENTATION_CONTEXT(2) 
PARAMETRIC_REPRESENTATION_CONTEXT() REPRESENTATION_CONTEXT('2D SPACE',''
  ) );
#775 = PCURVE('',#776,#781);
#776 = PLANE('',#777);
#777 = AXIS2_PLACEMENT_3D('',#778,#779,#780);
#778 = CARTESIAN_POINT('',(-75.,-129.9038106,550.));
#779 = DIRECTION('',(-0.587785252718,-0.809016994066,0.));
#780 = DIRECTION('',(0.,0.,1.));
#781 = DEFINITIONAL_REPRESENTATION('',(#782),#786);
#782 = LINE('',#783,#784);
#783 = CARTESIAN_POINT('',(0.,0.));
#784 = VECTOR('',#785,1.);
#785 = DIRECTION('',(0.,1.));
#786 = ( GEOMETRIC_REPRESENTATION_CONTEXT(2) 
PARAMETRIC_REPRESENTATION_CONTEXT() REPRESENTATION_CONTEXT('2D SPACE',''
  ) );
#787 = ORIENTED_EDGE('',*,*,#788,.F.);
#788 = EDGE_CURVE('',#789,#761,#791,.T.);
#789 = VERTEX_POINT('',#790);
#790 = CARTESIAN_POINT('',(-46.3525492,-142.6584774,550.));
#791 = SURFACE_CURVE('',#792,(#796,#803),.PCURVE_S1.);
#792 = LINE('',#793,#794);
#793 = CARTESIAN_POINT('',(-46.3525492,-142.6584774,550.));
#794 = VECTOR('',#795,1.);
#795 = DIRECTION('',(-0.913545458319,0.406736641555,0.));
#796 = PCURVE('',#32,#797);
#797 = DEFINITIONAL_REPRESENTATION('',(#798),#802);
#798 = LINE('',#799,#800);
#799 = CARTESIAN_POINT('',(-111.4717238,193.0746893));
#800 = VECTOR('',#801,1.);
#801 = DIRECTION('',(0.406736641555,0.913545458319));
#802 = ( GEOMETRIC_REPRESENTATION_CONTEXT(2) 
PARAMETRIC_REPRESENTATION_CONTEXT() REPRESENTATION_CONTEXT('2D SPACE',''
  ) );
#803 = PCURVE('',#804,#809);
#804 = PLANE('',#805);
#805 = AXIS2_PLACEMENT_3D('',#806,#807,#808);
#806 = CARTESIAN_POINT('',(-46.3525492,-142.6584774,550.));
#807 = DIRECTION('',(-0.406736641555,-0.913545458319,0.));
#808 = DIRECTION('',(0.,0.,1.));
#809 = DEFINITIONAL_REPRESENTATION('',(#810),#814);
#810 = LINE('',#811,#812);
#811 = CARTESIAN_POINT('',(0.,0.));
#812 = VECTOR('',#813,1.);
#813 = DIRECTION('',(0.,1.));
#814 = ( GEOMETRIC_REPRESENTATION_CONTEXT(2) 
PARAMETRIC_REPRESENTATION_CONTEXT() REPRESENTATION_CONTEXT('2D SPACE',''
  ) );
#815 = ORIENTED_EDGE('',*,*,#816,.F.);
#816 = EDGE_CURVE('',#817,#789,#819,.T.);
#817 = VERTEX_POINT('',#818);
#818 = CARTESIAN_POINT('',(-15.6792695,-149.1782843,550.));
#819 = SURFACE_CURVE('',#820,(#824,#831),.PCURVE_S1.);
#820 = LINE('',#821,#822);
#821 = CARTESIAN_POINT('',(-15.6792695,-149.1782843,550.));
#822 = VECTOR('',#823,1.);
#823 = DIRECTION('',(-0.978147600527,0.207911691789,0.));
#824 = PCURVE('',#32,#825);
#825 = DEFINITIONAL_REPRESENTATION('',(#826),#830);
#826 = LINE('',#827,#828);
#827 = CARTESIAN_POINT('',(-117.9915307,162.4014096));
#828 = VECTOR('',#829,1.);
#829 = DIRECTION('',(0.207911691789,0.978147600527));
#830 = ( GEOMETRIC_REPRESENTATION_CONTEXT(2) 
PARAMETRIC_REPRESENTATION_CONTEXT() REPRESENTATION_CONTEXT('2D SPACE',''
  ) );
#831 = PCURVE('',#832,#837);
#832 = PLANE('',#833);
#833 = AXIS2_PLACEMENT_3D('',#834,#835,#836);
#834 = CARTESIAN_POINT('',(-15.6792695,-149.1782843,550.));
#835 = DIRECTION('',(-0.207911691789,-0.978147600527,0.));
#836 = DIRECTION('',(0.,0.,1.));
#837 = DEFINITIONAL_REPRESENTATION('',(#838),#842);
#838 = LINE('',#839,#840);
#839 = CARTESIAN_POINT('',(0.,0.));
#840 = VECTOR('',#841,1.);
#841 = DIRECTION('',(0.,1.));
#842 = ( GEOMETRIC_REPRESENTATION_CONTEXT(2) 
PARAMETRIC_REPRESENTATION_CONTEXT() REPRESENTATION_CONTEXT('2D SPACE',''
  ) );
#843 = ORIENTED_EDGE('',*,*,#844,.F.);
#844 = EDGE_CURVE('',#845,#817,#847,.T.);
#845 = VERTEX_POINT('',#846);
#846 = CARTESIAN_POINT('',(15.6792695,-149.1782843,550.));
#847 = SURFACE_CURVE('',#848,(#852,#859),.PCURVE_S1.);
#848 = LINE('',#849,#850);
#849 = CARTESIAN_POINT('',(15.6792695,-149.1782843,550.));
#850 = VECTOR('',#851,1.);
#851 = DIRECTION('',(-1.,0.,0.));
#852 = PCURVE('',#32,#853);
#853 = DEFINITIONAL_REPRESENTATION('',(#854),#858);
#854 = LINE('',#855,#856);
#855 = CARTESIAN_POINT('',(-117.9915307,131.0428706));
#856 = VECTOR('',#857,1.);
#857 = DIRECTION('',(0.,1.));
#858 = ( GEOMETRIC_REPRESENTATION_CONTEXT(2) 
PARAMETRIC_REPRESENTATION_CONTEXT() REPRESENTATION_CONTEXT('2D SPACE',''
  ) );
#859 = PCURVE('',#860,#865);
#860 = PLANE('',#861);
#861 = AXIS2_PLACEMENT_3D('',#862,#863,#864);
#862 = CARTESIAN_POINT('',(15.6792695,-149.1782843,550.));
#863 = DIRECTION('',(0.,-1.,0.));
#864 = DIRECTION('',(1.,0.,0.));
#865 = DEFINITIONAL_REPRESENTATION('',(#866),#870);
#866 = LINE('',#867,#868);
#867 = CARTESIAN_POINT('',(0.,0.));
#868 = VECTOR('',#869,1.);
#869 = DIRECTION('',(-1.,0.));
#870 = ( GEOMETRIC_REPRESENTATION_CONTEXT(2) 
PARAMETRIC_REPRESENTATION_CONTEXT() REPRESENTATION_CONTEXT('2D SPACE',''
  ) );
#871 = ORIENTED_EDGE('',*,*,#872,.F.);
#872 = EDGE_CURVE('',#24,#845,#873,.T.);
#873 = SURFACE_CURVE('',#874,(#878,#885),.PCURVE_S1.);
#874 = LINE('',#875,#876);
#875 = CARTESIAN_POINT('',(46.3525492,-142.6584774,550.));
#876 = VECTOR('',#877,1.);
#877 = DIRECTION('',(-0.978147600527,-0.207911691789,0.));
#878 = PCURVE('',#32,#879);
#879 = DEFINITIONAL_REPRESENTATION('',(#880),#884);
#880 = LINE('',#881,#882);
#881 = CARTESIAN_POINT('',(-111.4717238,100.3695909));
#882 = VECTOR('',#883,1.);
#883 = DIRECTION('',(-0.207911691789,0.978147600527));
#884 = ( GEOMETRIC_REPRESENTATION_CONTEXT(2) 
PARAMETRIC_REPRESENTATION_CONTEXT() REPRESENTATION_CONTEXT('2D SPACE',''
  ) );
#885 = PCURVE('',#886,#891);
#886 = PLANE('',#887);
#887 = AXIS2_PLACEMENT_3D('',#888,#889,#890);
#888 = CARTESIAN_POINT('',(46.3525492,-142.6584774,550.));
#889 = DIRECTION('',(0.207911691789,-0.978147600527,0.));
#890 = DIRECTION('',(0.,0.,1.));
#891 = DEFINITIONAL_REPRESENTATION('',(#892),#896);
#892 = LINE('',#893,#894);
#893 = CARTESIAN_POINT('',(0.,0.));
#894 = VECTOR('',#895,1.);
#895 = DIRECTION('',(0.,1.));
#896 = ( GEOMETRIC_REPRESENTATION_CONTEXT(2) 
PARAMETRIC_REPRESENTATION_CONTEXT() REPRESENTATION_CONTEXT('2D SPACE',''
  ) );
#897 = ADVANCED_FACE('',(#898),#44,.T.);
#898 = FACE_BOUND('',#899,.T.);
#899 = EDGE_LOOP('',(#900,#921,#922,#945,#973,#1001));
#900 = ORIENTED_EDGE('',*,*,#901,.F.);
#901 = EDGE_CURVE('',#22,#902,#904,.T.);
#902 = VERTEX_POINT('',#903);
#903 = CARTESIAN_POINT('',(55.,-138.8083842662,60.));
#904 = SURFACE_CURVE('',#905,(#909,#915),.PCURVE_S1.);
#905 = LINE('',#906,#907);
#906 = CARTESIAN_POINT('',(55.,-138.8083842662,555.));
#907 = VECTOR('',#908,1.);
#908 = DIRECTION('',(0.,-0.,-1.));
#909 = PCURVE('',#44,#910);
#910 = DEFINITIONAL_REPRESENTATION('',(#911),#914);
#911 = B_SPLINE_CURVE_WITH_KNOTS('',1,(#912,#913),.UNSPECIFIED.,.F.,.F.,
  (2,2),(5.,495.),.PIECEWISE_BEZIER_KNOTS.);
#912 = CARTESIAN_POINT('',(0.,21.8927255539));
#913 = CARTESIAN_POINT('',(-490.,21.8927255539));
#914 = ( GEOMETRIC_REPRESENTATION_CONTEXT(2) 
PARAMETRIC_REPRESENTATION_CONTEXT() REPRESENTATION_CONTEXT('2D SPACE',''
  ) );
#915 = PCURVE('',#71,#916);
#916 = DEFINITIONAL_REPRESENTATION('',(#917),#920);
#917 = B_SPLINE_CURVE_WITH_KNOTS('',1,(#918,#919),.UNSPECIFIED.,.F.,.F.,
  (2,2),(5.,495.),.PIECEWISE_BEZIER_KNOTS.);
#918 = CARTESIAN_POINT('',(-10.,9.465813355263));
#919 = CARTESIAN_POINT('',(-500.,9.465813355263));
#920 = ( GEOMETRIC_REPRESENTATION_CONTEXT(2) 
PARAMETRIC_REPRESENTATION_CONTEXT() REPRESENTATION_CONTEXT('2D SPACE',''
  ) );
#921 = ORIENTED_EDGE('',*,*,#21,.T.);
#922 = ORIENTED_EDGE('',*,*,#923,.T.);
#923 = EDGE_CURVE('',#24,#924,#926,.T.);
#924 = VERTEX_POINT('',#925);
#925 = CARTESIAN_POINT('',(46.3525492,-142.6584774,0.));
#926 = SURFACE_CURVE('',#927,(#931,#938),.PCURVE_S1.);
#927 = LINE('',#928,#929);
#928 = CARTESIAN_POINT('',(46.3525492,-142.6584774,550.));
#929 = VECTOR('',#930,1.);
#930 = DIRECTION('',(0.,0.,-1.));
#931 = PCURVE('',#44,#932);
#932 = DEFINITIONAL_REPRESENTATION('',(#933),#937);
#933 = LINE('',#934,#935);
#934 = CARTESIAN_POINT('',(0.,31.358538909162));
#935 = VECTOR('',#936,1.);
#936 = DIRECTION('',(-1.,-0.));
#937 = ( GEOMETRIC_REPRESENTATION_CONTEXT(2) 
PARAMETRIC_REPRESENTATION_CONTEXT() REPRESENTATION_CONTEXT('2D SPACE',''
  ) );
#938 = PCURVE('',#886,#939);
#939 = DEFINITIONAL_REPRESENTATION('',(#940),#944);
#940 = LINE('',#941,#942);
#941 = CARTESIAN_POINT('',(0.,0.));
#942 = VECTOR('',#943,1.);
#943 = DIRECTION('',(-1.,-0.));
#944 = ( GEOMETRIC_REPRESENTATION_CONTEXT(2) 
PARAMETRIC_REPRESENTATION_CONTEXT() REPRESENTATION_CONTEXT('2D SPACE',''
  ) );
#945 = ORIENTED_EDGE('',*,*,#946,.F.);
#946 = EDGE_CURVE('',#947,#924,#949,.T.);
#947 = VERTEX_POINT('',#948);
#948 = CARTESIAN_POINT('',(75.,-129.9038106,0.));
#949 = SURFACE_CURVE('',#950,(#954,#961),.PCURVE_S1.);
#950 = LINE('',#951,#952);
#951 = CARTESIAN_POINT('',(75.,-129.9038106,0.));
#952 = VECTOR('',#953,1.);
#953 = DIRECTION('',(-0.913545458319,-0.406736641555,0.));
#954 = PCURVE('',#44,#955);
#955 = DEFINITIONAL_REPRESENTATION('',(#956),#960);
#956 = LINE('',#957,#958);
#957 = CARTESIAN_POINT('',(-550.,-0.));
#958 = VECTOR('',#959,1.);
#959 = DIRECTION('',(0.,1.));
#960 = ( GEOMETRIC_REPRESENTATION_CONTEXT(2) 
PARAMETRIC_REPRESENTATION_CONTEXT() REPRESENTATION_CONTEXT('2D SPACE',''
  ) );
#961 = PCURVE('',#962,#967);
#962 = PLANE('',#963);
#963 = AXIS2_PLACEMENT_3D('',#964,#965,#966);
#964 = CARTESIAN_POINT('',(150.,0.,0.));
#965 = DIRECTION('',(0.,0.,-1.));
#966 = DIRECTION('',(1.,0.,0.));
#967 = DEFINITIONAL_REPRESENTATION('',(#968),#972);
#968 = LINE('',#969,#970);
#969 = CARTESIAN_POINT('',(-75.,129.9038106));
#970 = VECTOR('',#971,1.);
#971 = DIRECTION('',(-0.913545458319,0.406736641555));
#972 = ( GEOMETRIC_REPRESENTATION_CONTEXT(2) 
PARAMETRIC_REPRESENTATION_CONTEXT() REPRESENTATION_CONTEXT('2D SPACE',''
  ) );
#973 = ORIENTED_EDGE('',*,*,#974,.F.);
#974 = EDGE_CURVE('',#975,#947,#977,.T.);
#975 = VERTEX_POINT('',#976);
#976 = CARTESIAN_POINT('',(75.,-129.9038106,60.));
#977 = SURFACE_CURVE('',#978,(#982,#989),.PCURVE_S1.);
#978 = LINE('',#979,#980);
#979 = CARTESIAN_POINT('',(75.,-129.9038106,550.));
#980 = VECTOR('',#981,1.);
#981 = DIRECTION('',(0.,0.,-1.));
#982 = PCURVE('',#44,#983);
#983 = DEFINITIONAL_REPRESENTATION('',(#984),#988);
#984 = LINE('',#985,#986);
#985 = CARTESIAN_POINT('',(0.,0.));
#986 = VECTOR('',#987,1.);
#987 = DIRECTION('',(-1.,-0.));
#988 = ( GEOMETRIC_REPRESENTATION_CONTEXT(2) 
PARAMETRIC_REPRESENTATION_CONTEXT() REPRESENTATION_CONTEXT('2D SPACE',''
  ) );
#989 = PCURVE('',#990,#995);
#990 = PLANE('',#991);
#991 = AXIS2_PLACEMENT_3D('',#992,#993,#994);
#992 = CARTESIAN_POINT('',(100.369591,-111.4717238,550.));
#993 = DIRECTION('',(0.587785252718,-0.809016994066,0.));
#994 = DIRECTION('',(0.,0.,1.));
#995 = DEFINITIONAL_REPRESENTATION('',(#996),#1000);
#996 = LINE('',#997,#998);
#997 = CARTESIAN_POINT('',(0.,31.358539049356));
#998 = VECTOR('',#999,1.);
#999 = DIRECTION('',(-1.,-0.));
#1000 = ( GEOMETRIC_REPRESENTATION_CONTEXT(2) 
PARAMETRIC_REPRESENTATION_CONTEXT() REPRESENTATION_CONTEXT('2D SPACE',''
  ) );
#1001 = ORIENTED_EDGE('',*,*,#1002,.F.);
#1002 = EDGE_CURVE('',#902,#975,#1003,.T.);
#1003 = SURFACE_CURVE('',#1004,(#1008,#1014),.PCURVE_S1.);
#1004 = LINE('',#1005,#1006);
#1005 = CARTESIAN_POINT('',(176.33162675046,-84.78806384377,60.));
#1006 = VECTOR('',#1007,1.);
#1007 = DIRECTION('',(0.913545458319,0.406736641555,1.129217852592E-17)
  );
#1008 = PCURVE('',#44,#1009);
#1009 = DEFINITIONAL_REPRESENTATION('',(#1010),#1013);
#1010 = B_SPLINE_CURVE_WITH_KNOTS('',1,(#1011,#1012),.UNSPECIFIED.,.F.,
  .F.,(2,2),(-142.279813628,-110.9212747189),.PIECEWISE_BEZIER_KNOTS.);
#1011 = CARTESIAN_POINT('',(-490.,31.358538909162));
#1012 = CARTESIAN_POINT('',(-490.,0.));
#1013 = ( GEOMETRIC_REPRESENTATION_CONTEXT(2) 
PARAMETRIC_REPRESENTATION_CONTEXT() REPRESENTATION_CONTEXT('2D SPACE',''
  ) );
#1014 = PCURVE('',#1015,#1020);
#1015 = PLANE('',#1016);
#1016 = AXIS2_PLACEMENT_3D('',#1017,#1018,#1019);
#1017 = CARTESIAN_POINT('',(260.,0.,60.));
#1018 = DIRECTION('',(1.236082826868E-17,0.,-1.));
#1019 = DIRECTION('',(0.,1.,0.));
#1020 = DEFINITIONAL_REPRESENTATION('',(#1021),#1024);
#1021 = B_SPLINE_CURVE_WITH_KNOTS('',1,(#1022,#1023),.UNSPECIFIED.,.F.,
  .F.,(2,2),(-142.279813628,-110.9212747189),.PIECEWISE_BEZIER_KNOTS.);
#1022 = CARTESIAN_POINT('',(-142.6584774,-213.6474508));
#1023 = CARTESIAN_POINT('',(-129.9038106,-185.));
#1024 = ( GEOMETRIC_REPRESENTATION_CONTEXT(2) 
PARAMETRIC_REPRESENTATION_CONTEXT() REPRESENTATION_CONTEXT('2D SPACE',''
  ) );
#1025 = ADVANCED_FACE('',(#1026),#886,.T.);
#1026 = FACE_BOUND('',#1027,.T.);
#1027 = EDGE_LOOP('',(#1028,#1029,#1052,#1073));
#1028 = ORIENTED_EDGE('',*,*,#872,.T.);
#1029 = ORIENTED_EDGE('',*,*,#1030,.T.);
#1030 = EDGE_CURVE('',#845,#1031,#1033,.T.);
#1031 = VERTEX_POINT('',#1032);
#1032 = CARTESIAN_POINT('',(15.6792695,-149.1782843,0.));
#1033 = SURFACE_CURVE('',#1034,(#1038,#1045),.PCURVE_S1.);
#1034 = LINE('',#1035,#1036);
#1035 = CARTESIAN_POINT('',(15.6792695,-149.1782843,550.));
#1036 = VECTOR('',#1037,1.);
#1037 = DIRECTION('',(0.,0.,-1.));
#1038 = PCURVE('',#886,#1039);
#1039 = DEFINITIONAL_REPRESENTATION('',(#1040),#1044);
#1040 = LINE('',#1041,#1042);
#1041 = CARTESIAN_POINT('',(0.,31.358539021576));
#1042 = VECTOR('',#1043,1.);
#1043 = DIRECTION('',(-1.,-0.));
#1044 = ( GEOMETRIC_REPRESENTATION_CONTEXT(2) 
PARAMETRIC_REPRESENTATION_CONTEXT() REPRESENTATION_CONTEXT('2D SPACE',''
  ) );
#1045 = PCURVE('',#860,#1046);
#1046 = DEFINITIONAL_REPRESENTATION('',(#1047),#1051);
#1047 = LINE('',#1048,#1049);
#1048 = CARTESIAN_POINT('',(0.,0.));
#1049 = VECTOR('',#1050,1.);
#1050 = DIRECTION('',(0.,-1.));
#1051 = ( GEOMETRIC_REPRESENTATION_CONTEXT(2) 
PARAMETRIC_REPRESENTATION_CONTEXT() REPRESENTATION_CONTEXT('2D SPACE',''
  ) );
#1052 = ORIENTED_EDGE('',*,*,#1053,.F.);
#1053 = EDGE_CURVE('',#924,#1031,#1054,.T.);
#1054 = SURFACE_CURVE('',#1055,(#1059,#1066),.PCURVE_S1.);
#1055 = LINE('',#1056,#1057);
#1056 = CARTESIAN_POINT('',(46.3525492,-142.6584774,0.));
#1057 = VECTOR('',#1058,1.);
#1058 = DIRECTION('',(-0.978147600527,-0.207911691789,0.));
#1059 = PCURVE('',#886,#1060);
#1060 = DEFINITIONAL_REPRESENTATION('',(#1061),#1065);
#1061 = LINE('',#1062,#1063);
#1062 = CARTESIAN_POINT('',(-550.,-0.));
#1063 = VECTOR('',#1064,1.);
#1064 = DIRECTION('',(0.,1.));
#1065 = ( GEOMETRIC_REPRESENTATION_CONTEXT(2) 
PARAMETRIC_REPRESENTATION_CONTEXT() REPRESENTATION_CONTEXT('2D SPACE',''
  ) );
#1066 = PCURVE('',#962,#1067);
#1067 = DEFINITIONAL_REPRESENTATION('',(#1068),#1072);
#1068 = LINE('',#1069,#1070);
#1069 = CARTESIAN_POINT('',(-103.6474508,142.6584774));
#1070 = VECTOR('',#1071,1.);
#1071 = DIRECTION('',(-0.978147600527,0.207911691789));
#1072 = ( GEOMETRIC_REPRESENTATION_CONTEXT(2) 
PARAMETRIC_REPRESENTATION_CONTEXT() REPRESENTATION_CONTEXT('2D SPACE',''
  ) );
#1073 = ORIENTED_EDGE('',*,*,#923,.F.);
#1074 = ADVANCED_FACE('',(#1075),#860,.T.);
#1075 = FACE_BOUND('',#1076,.T.);
#1076 = EDGE_LOOP('',(#1077,#1078,#1101,#1122));
#1077 = ORIENTED_EDGE('',*,*,#844,.T.);
#1078 = ORIENTED_EDGE('',*,*,#1079,.T.);
#1079 = EDGE_CURVE('',#817,#1080,#1082,.T.);
#1080 = VERTEX_POINT('',#1081);
#1081 = CARTESIAN_POINT('',(-15.6792695,-149.1782843,0.));
#1082 = SURFACE_CURVE('',#1083,(#1087,#1094),.PCURVE_S1.);
#1083 = LINE('',#1084,#1085);
#1084 = CARTESIAN_POINT('',(-15.6792695,-149.1782843,550.));
#1085 = VECTOR('',#1086,1.);
#1086 = DIRECTION('',(0.,0.,-1.));
#1087 = PCURVE('',#860,#1088);
#1088 = DEFINITIONAL_REPRESENTATION('',(#1089),#1093);
#1089 = LINE('',#1090,#1091);
#1090 = CARTESIAN_POINT('',(-31.358539,0.));
#1091 = VECTOR('',#1092,1.);
#1092 = DIRECTION('',(0.,-1.));
#1093 = ( GEOMETRIC_REPRESENTATION_CONTEXT(2) 
PARAMETRIC_REPRESENTATION_CONTEXT() REPRESENTATION_CONTEXT('2D SPACE',''
  ) );
#1094 = PCURVE('',#832,#1095);
#1095 = DEFINITIONAL_REPRESENTATION('',(#1096),#1100);
#1096 = LINE('',#1097,#1098);
#1097 = CARTESIAN_POINT('',(0.,0.));
#1098 = VECTOR('',#1099,1.);
#1099 = DIRECTION('',(-1.,0.));
#1100 = ( GEOMETRIC_REPRESENTATION_CONTEXT(2) 
PARAMETRIC_REPRESENTATION_CONTEXT() REPRESENTATION_CONTEXT('2D SPACE',''
  ) );
#1101 = ORIENTED_EDGE('',*,*,#1102,.F.);
#1102 = EDGE_CURVE('',#1031,#1080,#1103,.T.);
#1103 = SURFACE_CURVE('',#1104,(#1108,#1115),.PCURVE_S1.);
#1104 = LINE('',#1105,#1106);
#1105 = CARTESIAN_POINT('',(15.6792695,-149.1782843,0.));
#1106 = VECTOR('',#1107,1.);
#1107 = DIRECTION('',(-1.,0.,0.));
#1108 = PCURVE('',#860,#1109);
#1109 = DEFINITIONAL_REPRESENTATION('',(#1110),#1114);
#1110 = LINE('',#1111,#1112);
#1111 = CARTESIAN_POINT('',(0.,-550.));
#1112 = VECTOR('',#1113,1.);
#1113 = DIRECTION('',(-1.,0.));
#1114 = ( GEOMETRIC_REPRESENTATION_CONTEXT(2) 
PARAMETRIC_REPRESENTATION_CONTEXT() REPRESENTATION_CONTEXT('2D SPACE',''
  ) );
#1115 = PCURVE('',#962,#1116);
#1116 = DEFINITIONAL_REPRESENTATION('',(#1117),#1121);
#1117 = LINE('',#1118,#1119);
#1118 = CARTESIAN_POINT('',(-134.3207305,149.1782843));
#1119 = VECTOR('',#1120,1.);
#1120 = DIRECTION('',(-1.,0.));
#1121 = ( GEOMETRIC_REPRESENTATION_CONTEXT(2) 
PARAMETRIC_REPRESENTATION_CONTEXT() REPRESENTATION_CONTEXT('2D SPACE',''
  ) );
#1122 = ORIENTED_EDGE('',*,*,#1030,.F.);
#1123 = ADVANCED_FACE('',(#1124),#832,.T.);
#1124 = FACE_BOUND('',#1125,.T.);
#1125 = EDGE_LOOP('',(#1126,#1127,#1150,#1171));
#1126 = ORIENTED_EDGE('',*,*,#816,.T.);
#1127 = ORIENTED_EDGE('',*,*,#1128,.T.);
#1128 = EDGE_CURVE('',#789,#1129,#1131,.T.);
#1129 = VERTEX_POINT('',#1130);
#1130 = CARTESIAN_POINT('',(-46.3525492,-142.6584774,0.));
#1131 = SURFACE_CURVE('',#1132,(#1136,#1143),.PCURVE_S1.);
#1132 = LINE('',#1133,#1134);
#1133 = CARTESIAN_POINT('',(-46.3525492,-142.6584774,550.));
#1134 = VECTOR('',#1135,1.);
#1135 = DIRECTION('',(0.,0.,-1.));
#1136 = PCURVE('',#832,#1137);
#1137 = DEFINITIONAL_REPRESENTATION('',(#1138),#1142);
#1138 = LINE('',#1139,#1140);
#1139 = CARTESIAN_POINT('',(0.,31.358539021576));
#1140 = VECTOR('',#1141,1.);
#1141 = DIRECTION('',(-1.,0.));
#1142 = ( GEOMETRIC_REPRESENTATION_CONTEXT(2) 
PARAMETRIC_REPRESENTATION_CONTEXT() REPRESENTATION_CONTEXT('2D SPACE',''
  ) );
#1143 = PCURVE('',#804,#1144);
#1144 = DEFINITIONAL_REPRESENTATION('',(#1145),#1149);
#1145 = LINE('',#1146,#1147);
#1146 = CARTESIAN_POINT('',(0.,0.));
#1147 = VECTOR('',#1148,1.);
#1148 = DIRECTION('',(-1.,0.));
#1149 = ( GEOMETRIC_REPRESENTATION_CONTEXT(2) 
PARAMETRIC_REPRESENTATION_CONTEXT() REPRESENTATION_CONTEXT('2D SPACE',''
  ) );
#1150 = ORIENTED_EDGE('',*,*,#1151,.F.);
#1151 = EDGE_CURVE('',#1080,#1129,#1152,.T.);
#1152 = SURFACE_CURVE('',#1153,(#1157,#1164),.PCURVE_S1.);
#1153 = LINE('',#1154,#1155);
#1154 = CARTESIAN_POINT('',(-15.6792695,-149.1782843,0.));
#1155 = VECTOR('',#1156,1.);
#1156 = DIRECTION('',(-0.978147600527,0.207911691789,0.));
#1157 = PCURVE('',#832,#1158);
#1158 = DEFINITIONAL_REPRESENTATION('',(#1159),#1163);
#1159 = LINE('',#1160,#1161);
#1160 = CARTESIAN_POINT('',(-550.,0.));
#1161 = VECTOR('',#1162,1.);
#1162 = DIRECTION('',(0.,1.));
#1163 = ( GEOMETRIC_REPRESENTATION_CONTEXT(2) 
PARAMETRIC_REPRESENTATION_CONTEXT() REPRESENTATION_CONTEXT('2D SPACE',''
  ) );
#1164 = PCURVE('',#962,#1165);
#1165 = DEFINITIONAL_REPRESENTATION('',(#1166),#1170);
#1166 = LINE('',#1167,#1168);
#1167 = CARTESIAN_POINT('',(-165.6792695,149.1782843));
#1168 = VECTOR('',#1169,1.);
#1169 = DIRECTION('',(-0.978147600527,-0.207911691789));
#1170 = ( GEOMETRIC_REPRESENTATION_CONTEXT(2) 
PARAMETRIC_REPRESENTATION_CONTEXT() REPRESENTATION_CONTEXT('2D SPACE',''
  ) );
#1171 = ORIENTED_EDGE('',*,*,#1079,.F.);
#1172 = ADVANCED_FACE('',(#1173),#804,.T.);
#1173 = FACE_BOUND('',#1174,.T.);
#1174 = EDGE_LOOP('',(#1175,#1176,#1199,#1220));
#1175 = ORIENTED_EDGE('',*,*,#788,.T.);
#1176 = ORIENTED_EDGE('',*,*,#1177,.T.);
#1177 = EDGE_CURVE('',#761,#1178,#1180,.T.);
#1178 = VERTEX_POINT('',#1179);
#1179 = CARTESIAN_POINT('',(-75.,-129.9038106,0.));
#1180 = SURFACE_CURVE('',#1181,(#1185,#1192),.PCURVE_S1.);
#1181 = LINE('',#1182,#1183);
#1182 = CARTESIAN_POINT('',(-75.,-129.9038106,550.));
#1183 = VECTOR('',#1184,1.);
#1184 = DIRECTION('',(0.,0.,-1.));
#1185 = PCURVE('',#804,#1186);
#1186 = DEFINITIONAL_REPRESENTATION('',(#1187),#1191);
#1187 = LINE('',#1188,#1189);
#1188 = CARTESIAN_POINT('',(0.,31.358538909162));
#1189 = VECTOR('',#1190,1.);
#1190 = DIRECTION('',(-1.,0.));
#1191 = ( GEOMETRIC_REPRESENTATION_CONTEXT(2) 
PARAMETRIC_REPRESENTATION_CONTEXT() REPRESENTATION_CONTEXT('2D SPACE',''
  ) );
#1192 = PCURVE('',#776,#1193);
#1193 = DEFINITIONAL_REPRESENTATION('',(#1194),#1198);
#1194 = LINE('',#1195,#1196);
#1195 = CARTESIAN_POINT('',(0.,0.));
#1196 = VECTOR('',#1197,1.);
#1197 = DIRECTION('',(-1.,0.));
#1198 = ( GEOMETRIC_REPRESENTATION_CONTEXT(2) 
PARAMETRIC_REPRESENTATION_CONTEXT() REPRESENTATION_CONTEXT('2D SPACE',''
  ) );
#1199 = ORIENTED_EDGE('',*,*,#1200,.F.);
#1200 = EDGE_CURVE('',#1129,#1178,#1201,.T.);
#1201 = SURFACE_CURVE('',#1202,(#1206,#1213),.PCURVE_S1.);
#1202 = LINE('',#1203,#1204);
#1203 = CARTESIAN_POINT('',(-46.3525492,-142.6584774,0.));
#1204 = VECTOR('',#1205,1.);
#1205 = DIRECTION('',(-0.913545458319,0.406736641555,0.));
#1206 = PCURVE('',#804,#1207);
#1207 = DEFINITIONAL_REPRESENTATION('',(#1208),#1212);
#1208 = LINE('',#1209,#1210);
#1209 = CARTESIAN_POINT('',(-550.,0.));
#1210 = VECTOR('',#1211,1.);
#1211 = DIRECTION('',(0.,1.));
#1212 = ( GEOMETRIC_REPRESENTATION_CONTEXT(2) 
PARAMETRIC_REPRESENTATION_CONTEXT() REPRESENTATION_CONTEXT('2D SPACE',''
  ) );
#1213 = PCURVE('',#962,#1214);
#1214 = DEFINITIONAL_REPRESENTATION('',(#1215),#1219);
#1215 = LINE('',#1216,#1217);
#1216 = CARTESIAN_POINT('',(-196.3525492,142.6584774));
#1217 = VECTOR('',#1218,1.);
#1218 = DIRECTION('',(-0.913545458319,-0.406736641555));
#1219 = ( GEOMETRIC_REPRESENTATION_CONTEXT(2) 
PARAMETRIC_REPRESENTATION_CONTEXT() REPRESENTATION_CONTEXT('2D SPACE',''
  ) );
#1220 = ORIENTED_EDGE('',*,*,#1128,.F.);
#1221 = ADVANCED_FACE('',(#1222),#776,.T.);
#1222 = FACE_BOUND('',#1223,.T.);
#1223 = EDGE_LOOP('',(#1224,#1225,#1248,#1269));
#1224 = ORIENTED_EDGE('',*,*,#760,.T.);
#1225 = ORIENTED_EDGE('',*,*,#1226,.T.);
#1226 = EDGE_CURVE('',#733,#1227,#1229,.T.);
#1227 = VERTEX_POINT('',#1228);
#1228 = CARTESIAN_POINT('',(-100.369591,-111.4717238,0.));
#1229 = SURFACE_CURVE('',#1230,(#1234,#1241),.PCURVE_S1.);
#1230 = LINE('',#1231,#1232);
#1231 = CARTESIAN_POINT('',(-100.369591,-111.4717238,550.));
#1232 = VECTOR('',#1233,1.);
#1233 = DIRECTION('',(0.,0.,-1.));
#1234 = PCURVE('',#776,#1235);
#1235 = DEFINITIONAL_REPRESENTATION('',(#1236),#1240);
#1236 = LINE('',#1237,#1238);
#1237 = CARTESIAN_POINT('',(0.,31.358539049356));
#1238 = VECTOR('',#1239,1.);
#1239 = DIRECTION('',(-1.,0.));
#1240 = ( GEOMETRIC_REPRESENTATION_CONTEXT(2) 
PARAMETRIC_REPRESENTATION_CONTEXT() REPRESENTATION_CONTEXT('2D SPACE',''
  ) );
#1241 = PCURVE('',#748,#1242);
#1242 = DEFINITIONAL_REPRESENTATION('',(#1243),#1247);
#1243 = LINE('',#1244,#1245);
#1244 = CARTESIAN_POINT('',(0.,0.));
#1245 = VECTOR('',#1246,1.);
#1246 = DIRECTION('',(-1.,0.));
#1247 = ( GEOMETRIC_REPRESENTATION_CONTEXT(2) 
PARAMETRIC_REPRESENTATION_CONTEXT() REPRESENTATION_CONTEXT('2D SPACE',''
  ) );
#1248 = ORIENTED_EDGE('',*,*,#1249,.F.);
#1249 = EDGE_CURVE('',#1178,#1227,#1250,.T.);
#1250 = SURFACE_CURVE('',#1251,(#1255,#1262),.PCURVE_S1.);
#1251 = LINE('',#1252,#1253);
#1252 = CARTESIAN_POINT('',(-75.,-129.9038106,0.));
#1253 = VECTOR('',#1254,1.);
#1254 = DIRECTION('',(-0.809016994066,0.587785252718,0.));
#1255 = PCURVE('',#776,#1256);
#1256 = DEFINITIONAL_REPRESENTATION('',(#1257),#1261);
#1257 = LINE('',#1258,#1259);
#1258 = CARTESIAN_POINT('',(-550.,0.));
#1259 = VECTOR('',#1260,1.);
#1260 = DIRECTION('',(0.,1.));
#1261 = ( GEOMETRIC_REPRESENTATION_CONTEXT(2) 
PARAMETRIC_REPRESENTATION_CONTEXT() REPRESENTATION_CONTEXT('2D SPACE',''
  ) );
#1262 = PCURVE('',#962,#1263);
#1263 = DEFINITIONAL_REPRESENTATION('',(#1264),#1268);
#1264 = LINE('',#1265,#1266);
#1265 = CARTESIAN_POINT('',(-225.,129.9038106));
#1266 = VECTOR('',#1267,1.);
#1267 = DIRECTION('',(-0.809016994066,-0.587785252718));
#1268 = ( GEOMETRIC_REPRESENTATION_CONTEXT(2) 
PARAMETRIC_REPRESENTATION_CONTEXT() REPRESENTATION_CONTEXT('2D SPACE',''
  ) );
#1269 = ORIENTED_EDGE('',*,*,#1177,.F.);
#1270 = ADVANCED_FACE('',(#1271),#748,.T.);
#1271 = FACE_BOUND('',#1272,.T.);
#1272 = EDGE_LOOP('',(#1273,#1274,#1297,#1318));
#1273 = ORIENTED_EDGE('',*,*,#732,.T.);
#1274 = ORIENTED_EDGE('',*,*,#1275,.T.);
#1275 = EDGE_CURVE('',#705,#1276,#1278,.T.);
#1276 = VERTEX_POINT('',#1277);
#1277 = CARTESIAN_POINT('',(-121.3525492,-88.1677878,0.));
#1278 = SURFACE_CURVE('',#1279,(#1283,#1290),.PCURVE_S1.);
#1279 = LINE('',#1280,#1281);
#1280 = CARTESIAN_POINT('',(-121.3525492,-88.1677878,550.));
#1281 = VECTOR('',#1282,1.);
#1282 = DIRECTION('',(0.,0.,-1.));
#1283 = PCURVE('',#748,#1284);
#1284 = DEFINITIONAL_REPRESENTATION('',(#1285),#1289);
#1285 = LINE('',#1286,#1287);
#1286 = CARTESIAN_POINT('',(0.,31.358538995225));
#1287 = VECTOR('',#1288,1.);
#1288 = DIRECTION('',(-1.,0.));
#1289 = ( GEOMETRIC_REPRESENTATION_CONTEXT(2) 
PARAMETRIC_REPRESENTATION_CONTEXT() REPRESENTATION_CONTEXT('2D SPACE',''
  ) );
#1290 = PCURVE('',#720,#1291);
#1291 = DEFINITIONAL_REPRESENTATION('',(#1292),#1296);
#1292 = LINE('',#1293,#1294);
#1293 = CARTESIAN_POINT('',(0.,0.));
#1294 = VECTOR('',#1295,1.);
#1295 = DIRECTION('',(-1.,0.));
#1296 = ( GEOMETRIC_REPRESENTATION_CONTEXT(2) 
PARAMETRIC_REPRESENTATION_CONTEXT() REPRESENTATION_CONTEXT('2D SPACE',''
  ) );
#1297 = ORIENTED_EDGE('',*,*,#1298,.F.);
#1298 = EDGE_CURVE('',#1227,#1276,#1299,.T.);
#1299 = SURFACE_CURVE('',#1300,(#1304,#1311),.PCURVE_S1.);
#1300 = LINE('',#1301,#1302);
#1301 = CARTESIAN_POINT('',(-100.369591,-111.4717238,0.));
#1302 = VECTOR('',#1303,1.);
#1303 = DIRECTION('',(-0.669130605963,0.743144825834,0.));
#1304 = PCURVE('',#748,#1305);
#1305 = DEFINITIONAL_REPRESENTATION('',(#1306),#1310);
#1306 = LINE('',#1307,#1308);
#1307 = CARTESIAN_POINT('',(-550.,0.));
#1308 = VECTOR('',#1309,1.);
#1309 = DIRECTION('',(0.,1.));
#1310 = ( GEOMETRIC_REPRESENTATION_CONTEXT(2) 
PARAMETRIC_REPRESENTATION_CONTEXT() REPRESENTATION_CONTEXT('2D SPACE',''
  ) );
#1311 = PCURVE('',#962,#1312);
#1312 = DEFINITIONAL_REPRESENTATION('',(#1313),#1317);
#1313 = LINE('',#1314,#1315);
#1314 = CARTESIAN_POINT('',(-250.369591,111.4717238));
#1315 = VECTOR('',#1316,1.);
#1316 = DIRECTION('',(-0.669130605963,-0.743144825834));
#1317 = ( GEOMETRIC_REPRESENTATION_CONTEXT(2) 
PARAMETRIC_REPRESENTATION_CONTEXT() REPRESENTATION_CONTEXT('2D SPACE',''
  ) );
#1318 = ORIENTED_EDGE('',*,*,#1226,.F.);
#1319 = ADVANCED_FACE('',(#1320),#720,.T.);
#1320 = FACE_BOUND('',#1321,.T.);
#1321 = EDGE_LOOP('',(#1322,#1323,#1346,#1367));
#1322 = ORIENTED_EDGE('',*,*,#704,.T.);
#1323 = ORIENTED_EDGE('',*,*,#1324,.T.);
#1324 = EDGE_CURVE('',#677,#1325,#1327,.T.);
#1325 = VERTEX_POINT('',#1326);
#1326 = CARTESIAN_POINT('',(-137.0318186,-61.0104965,0.));
#1327 = SURFACE_CURVE('',#1328,(#1332,#1339),.PCURVE_S1.);
#1328 = LINE('',#1329,#1330);
#1329 = CARTESIAN_POINT('',(-137.0318186,-61.0104965,550.));
#1330 = VECTOR('',#1331,1.);
#1331 = DIRECTION('',(0.,0.,-1.));
#1332 = PCURVE('',#720,#1333);
#1333 = DEFINITIONAL_REPRESENTATION('',(#1334),#1338);
#1334 = LINE('',#1335,#1336);
#1335 = CARTESIAN_POINT('',(0.,31.358538863774));
#1336 = VECTOR('',#1337,1.);
#1337 = DIRECTION('',(-1.,0.));
#1338 = ( GEOMETRIC_REPRESENTATION_CONTEXT(2) 
PARAMETRIC_REPRESENTATION_CONTEXT() REPRESENTATION_CONTEXT('2D SPACE',''
  ) );
#1339 = PCURVE('',#692,#1340);
#1340 = DEFINITIONAL_REPRESENTATION('',(#1341),#1345);
#1341 = LINE('',#1342,#1343);
#1342 = CARTESIAN_POINT('',(0.,0.));
#1343 = VECTOR('',#1344,1.);
#1344 = DIRECTION('',(-1.,0.));
#1345 = ( GEOMETRIC_REPRESENTATION_CONTEXT(2) 
PARAMETRIC_REPRESENTATION_CONTEXT() REPRESENTATION_CONTEXT('2D SPACE',''
  ) );
#1346 = ORIENTED_EDGE('',*,*,#1347,.F.);
#1347 = EDGE_CURVE('',#1276,#1325,#1348,.T.);
#1348 = SURFACE_CURVE('',#1349,(#1353,#1360),.PCURVE_S1.);
#1349 = LINE('',#1350,#1351);
#1350 = CARTESIAN_POINT('',(-121.3525492,-88.1677878,0.));
#1351 = VECTOR('',#1352,1.);
#1352 = DIRECTION('',(-0.499999998983,0.866025404372,0.));
#1353 = PCURVE('',#720,#1354);
#1354 = DEFINITIONAL_REPRESENTATION('',(#1355),#1359);
#1355 = LINE('',#1356,#1357);
#1356 = CARTESIAN_POINT('',(-550.,0.));
#1357 = VECTOR('',#1358,1.);
#1358 = DIRECTION('',(0.,1.));
#1359 = ( GEOMETRIC_REPRESENTATION_CONTEXT(2) 
PARAMETRIC_REPRESENTATION_CONTEXT() REPRESENTATION_CONTEXT('2D SPACE',''
  ) );
#1360 = PCURVE('',#962,#1361);
#1361 = DEFINITIONAL_REPRESENTATION('',(#1362),#1366);
#1362 = LINE('',#1363,#1364);
#1363 = CARTESIAN_POINT('',(-271.3525492,88.1677878));
#1364 = VECTOR('',#1365,1.);
#1365 = DIRECTION('',(-0.499999998983,-0.866025404372));
#1366 = ( GEOMETRIC_REPRESENTATION_CONTEXT(2) 
PARAMETRIC_REPRESENTATION_CONTEXT() REPRESENTATION_CONTEXT('2D SPACE',''
  ) );
#1367 = ORIENTED_EDGE('',*,*,#1275,.F.);
#1368 = ADVANCED_FACE('',(#1369),#692,.T.);
#1369 = FACE_BOUND('',#1370,.T.);
#1370 = EDGE_LOOP('',(#1371,#1372,#1395,#1416));
#1371 = ORIENTED_EDGE('',*,*,#676,.T.);
#1372 = ORIENTED_EDGE('',*,*,#1373,.T.);
#1373 = EDGE_CURVE('',#649,#1374,#1376,.T.);
#1374 = VERTEX_POINT('',#1375);
#1375 = CARTESIAN_POINT('',(-146.7221401,-31.1867536,0.));
#1376 = SURFACE_CURVE('',#1377,(#1381,#1388),.PCURVE_S1.);
#1377 = LINE('',#1378,#1379);
#1378 = CARTESIAN_POINT('',(-146.7221401,-31.1867536,550.));
#1379 = VECTOR('',#1380,1.);
#1380 = DIRECTION('',(0.,0.,-1.));
#1381 = PCURVE('',#692,#1382);
#1382 = DEFINITIONAL_REPRESENTATION('',(#1383),#1387);
#1383 = LINE('',#1384,#1385);
#1384 = CARTESIAN_POINT('',(0.,31.358539049813));
#1385 = VECTOR('',#1386,1.);
#1386 = DIRECTION('',(-1.,0.));
#1387 = ( GEOMETRIC_REPRESENTATION_CONTEXT(2) 
PARAMETRIC_REPRESENTATION_CONTEXT() REPRESENTATION_CONTEXT('2D SPACE',''
  ) );
#1388 = PCURVE('',#664,#1389);
#1389 = DEFINITIONAL_REPRESENTATION('',(#1390),#1394);
#1390 = LINE('',#1391,#1392);
#1391 = CARTESIAN_POINT('',(0.,0.));
#1392 = VECTOR('',#1393,1.);
#1393 = DIRECTION('',(-1.,0.));
#1394 = ( GEOMETRIC_REPRESENTATION_CONTEXT(2) 
PARAMETRIC_REPRESENTATION_CONTEXT() REPRESENTATION_CONTEXT('2D SPACE',''
  ) );
#1395 = ORIENTED_EDGE('',*,*,#1396,.F.);
#1396 = EDGE_CURVE('',#1325,#1374,#1397,.T.);
#1397 = SURFACE_CURVE('',#1398,(#1402,#1409),.PCURVE_S1.);
#1398 = LINE('',#1399,#1400);
#1399 = CARTESIAN_POINT('',(-137.0318186,-61.0104965,0.));
#1400 = VECTOR('',#1401,1.);
#1401 = DIRECTION('',(-0.309016994848,0.951056516141,0.));
#1402 = PCURVE('',#692,#1403);
#1403 = DEFINITIONAL_REPRESENTATION('',(#1404),#1408);
#1404 = LINE('',#1405,#1406);
#1405 = CARTESIAN_POINT('',(-550.,0.));
#1406 = VECTOR('',#1407,1.);
#1407 = DIRECTION('',(0.,1.));
#1408 = ( GEOMETRIC_REPRESENTATION_CONTEXT(2) 
PARAMETRIC_REPRESENTATION_CONTEXT() REPRESENTATION_CONTEXT('2D SPACE',''
  ) );
#1409 = PCURVE('',#962,#1410);
#1410 = DEFINITIONAL_REPRESENTATION('',(#1411),#1415);
#1411 = LINE('',#1412,#1413);
#1412 = CARTESIAN_POINT('',(-287.0318186,61.0104965));
#1413 = VECTOR('',#1414,1.);
#1414 = DIRECTION('',(-0.309016994848,-0.951056516141));
#1415 = ( GEOMETRIC_REPRESENTATION_CONTEXT(2) 
PARAMETRIC_REPRESENTATION_CONTEXT() REPRESENTATION_CONTEXT('2D SPACE',''
  ) );
#1416 = ORIENTED_EDGE('',*,*,#1324,.F.);
#1417 = ADVANCED_FACE('',(#1418),#664,.T.);
#1418 = FACE_BOUND('',#1419,.T.);
#1419 = EDGE_LOOP('',(#1420,#1421,#1444,#1465));
#1420 = ORIENTED_EDGE('',*,*,#648,.T.);
#1421 = ORIENTED_EDGE('',*,*,#1422,.T.);
#1422 = EDGE_CURVE('',#621,#1423,#1425,.T.);
#1423 = VERTEX_POINT('',#1424);
#1424 = CARTESIAN_POINT('',(-150.,0.,0.));
#1425 = SURFACE_CURVE('',#1426,(#1430,#1437),.PCURVE_S1.);
#1426 = LINE('',#1427,#1428);
#1427 = CARTESIAN_POINT('',(-150.,0.,550.));
#1428 = VECTOR('',#1429,1.);
#1429 = DIRECTION('',(0.,0.,-1.));
#1430 = PCURVE('',#664,#1431);
#1431 = DEFINITIONAL_REPRESENTATION('',(#1432),#1436);
#1432 = LINE('',#1433,#1434);
#1433 = CARTESIAN_POINT('',(0.,31.358538958809));
#1434 = VECTOR('',#1435,1.);
#1435 = DIRECTION('',(-1.,0.));
#1436 = ( GEOMETRIC_REPRESENTATION_CONTEXT(2) 
PARAMETRIC_REPRESENTATION_CONTEXT() REPRESENTATION_CONTEXT('2D SPACE',''
  ) );
#1437 = PCURVE('',#636,#1438);
#1438 = DEFINITIONAL_REPRESENTATION('',(#1439),#1443);
#1439 = LINE('',#1440,#1441);
#1440 = CARTESIAN_POINT('',(0.,0.));
#1441 = VECTOR('',#1442,1.);
#1442 = DIRECTION('',(-1.,0.));
#1443 = ( GEOMETRIC_REPRESENTATION_CONTEXT(2) 
PARAMETRIC_REPRESENTATION_CONTEXT() REPRESENTATION_CONTEXT('2D SPACE',''
  ) );
#1444 = ORIENTED_EDGE('',*,*,#1445,.F.);
#1445 = EDGE_CURVE('',#1374,#1423,#1446,.T.);
#1446 = SURFACE_CURVE('',#1447,(#1451,#1458),.PCURVE_S1.);
#1447 = LINE('',#1448,#1449);
#1448 = CARTESIAN_POINT('',(-146.7221401,-31.1867536,0.));
#1449 = VECTOR('',#1450,1.);
#1450 = DIRECTION('',(-0.10452846366,0.994521895327,0.));
#1451 = PCURVE('',#664,#1452);
#1452 = DEFINITIONAL_REPRESENTATION('',(#1453),#1457);
#1453 = LINE('',#1454,#1455);
#1454 = CARTESIAN_POINT('',(-550.,0.));
#1455 = VECTOR('',#1456,1.);
#1456 = DIRECTION('',(0.,1.));
#1457 = ( GEOMETRIC_REPRESENTATION_CONTEXT(2) 
PARAMETRIC_REPRESENTATION_CONTEXT() REPRESENTATION_CONTEXT('2D SPACE',''
  ) );
#1458 = PCURVE('',#962,#1459);
#1459 = DEFINITIONAL_REPRESENTATION('',(#1460),#1464);
#1460 = LINE('',#1461,#1462);
#1461 = CARTESIAN_POINT('',(-296.7221401,31.1867536));
#1462 = VECTOR('',#1463,1.);
#1463 = DIRECTION('',(-0.10452846366,-0.994521895327));
#1464 = ( GEOMETRIC_REPRESENTATION_CONTEXT(2) 
PARAMETRIC_REPRESENTATION_CONTEXT() REPRESENTATION_CONTEXT('2D SPACE',''
  ) );
#1465 = ORIENTED_EDGE('',*,*,#1373,.F.);
#1466 = ADVANCED_FACE('',(#1467),#636,.T.);
#1467 = FACE_BOUND('',#1468,.T.);
#1468 = EDGE_LOOP('',(#1469,#1470,#1493,#1514));
#1469 = ORIENTED_EDGE('',*,*,#620,.T.);
#1470 = ORIENTED_EDGE('',*,*,#1471,.T.);
#1471 = EDGE_CURVE('',#593,#1472,#1474,.T.);
#1472 = VERTEX_POINT('',#1473);
#1473 = CARTESIAN_POINT('',(-146.7221401,31.1867536,0.));
#1474 = SURFACE_CURVE('',#1475,(#1479,#1486),.PCURVE_S1.);
#1475 = LINE('',#1476,#1477);
#1476 = CARTESIAN_POINT('',(-146.7221401,31.1867536,550.));
#1477 = VECTOR('',#1478,1.);
#1478 = DIRECTION('',(0.,0.,-1.));
#1479 = PCURVE('',#636,#1480);
#1480 = DEFINITIONAL_REPRESENTATION('',(#1481),#1485);
#1481 = LINE('',#1482,#1483);
#1482 = CARTESIAN_POINT('',(0.,31.358538958809));
#1483 = VECTOR('',#1484,1.);
#1484 = DIRECTION('',(-1.,0.));
#1485 = ( GEOMETRIC_REPRESENTATION_CONTEXT(2) 
PARAMETRIC_REPRESENTATION_CONTEXT() REPRESENTATION_CONTEXT('2D SPACE',''
  ) );
#1486 = PCURVE('',#608,#1487);
#1487 = DEFINITIONAL_REPRESENTATION('',(#1488),#1492);
#1488 = LINE('',#1489,#1490);
#1489 = CARTESIAN_POINT('',(0.,0.));
#1490 = VECTOR('',#1491,1.);
#1491 = DIRECTION('',(-1.,0.));
#1492 = ( GEOMETRIC_REPRESENTATION_CONTEXT(2) 
PARAMETRIC_REPRESENTATION_CONTEXT() REPRESENTATION_CONTEXT('2D SPACE',''
  ) );
#1493 = ORIENTED_EDGE('',*,*,#1494,.F.);
#1494 = EDGE_CURVE('',#1423,#1472,#1495,.T.);
#1495 = SURFACE_CURVE('',#1496,(#1500,#1507),.PCURVE_S1.);
#1496 = LINE('',#1497,#1498);
#1497 = CARTESIAN_POINT('',(-150.,0.,0.));
#1498 = VECTOR('',#1499,1.);
#1499 = DIRECTION('',(0.10452846366,0.994521895327,0.));
#1500 = PCURVE('',#636,#1501);
#1501 = DEFINITIONAL_REPRESENTATION('',(#1502),#1506);
#1502 = LINE('',#1503,#1504);
#1503 = CARTESIAN_POINT('',(-550.,0.));
#1504 = VECTOR('',#1505,1.);
#1505 = DIRECTION('',(0.,1.));
#1506 = ( GEOMETRIC_REPRESENTATION_CONTEXT(2) 
PARAMETRIC_REPRESENTATION_CONTEXT() REPRESENTATION_CONTEXT('2D SPACE',''
  ) );
#1507 = PCURVE('',#962,#1508);
#1508 = DEFINITIONAL_REPRESENTATION('',(#1509),#1513);
#1509 = LINE('',#1510,#1511);
#1510 = CARTESIAN_POINT('',(-300.,0.));
#1511 = VECTOR('',#1512,1.);
#1512 = DIRECTION('',(0.10452846366,-0.994521895327));
#1513 = ( GEOMETRIC_REPRESENTATION_CONTEXT(2) 
PARAMETRIC_REPRESENTATION_CONTEXT() REPRESENTATION_CONTEXT('2D SPACE',''
  ) );
#1514 = ORIENTED_EDGE('',*,*,#1422,.F.);
#1515 = ADVANCED_FACE('',(#1516),#608,.T.);
#1516 = FACE_BOUND('',#1517,.T.);
#1517 = EDGE_LOOP('',(#1518,#1519,#1542,#1563));
#1518 = ORIENTED_EDGE('',*,*,#592,.T.);
#1519 = ORIENTED_EDGE('',*,*,#1520,.T.);
#1520 = EDGE_CURVE('',#565,#1521,#1523,.T.);
#1521 = VERTEX_POINT('',#1522);
#1522 = CARTESIAN_POINT('',(-137.0318186,61.0104965,0.));
#1523 = SURFACE_CURVE('',#1524,(#1528,#1535),.PCURVE_S1.);
#1524 = LINE('',#1525,#1526);
#1525 = CARTESIAN_POINT('',(-137.0318186,61.0104965,550.));
#1526 = VECTOR('',#1527,1.);
#1527 = DIRECTION('',(0.,0.,-1.));
#1528 = PCURVE('',#608,#1529);
#1529 = DEFINITIONAL_REPRESENTATION('',(#1530),#1534);
#1530 = LINE('',#1531,#1532);
#1531 = CARTESIAN_POINT('',(0.,31.358539049813));
#1532 = VECTOR('',#1533,1.);
#1533 = DIRECTION('',(-1.,0.));
#1534 = ( GEOMETRIC_REPRESENTATION_CONTEXT(2) 
PARAMETRIC_REPRESENTATION_CONTEXT() REPRESENTATION_CONTEXT('2D SPACE',''
  ) );
#1535 = PCURVE('',#580,#1536);
#1536 = DEFINITIONAL_REPRESENTATION('',(#1537),#1541);
#1537 = LINE('',#1538,#1539);
#1538 = CARTESIAN_POINT('',(0.,0.));
#1539 = VECTOR('',#1540,1.);
#1540 = DIRECTION('',(-1.,0.));
#1541 = ( GEOMETRIC_REPRESENTATION_CONTEXT(2) 
PARAMETRIC_REPRESENTATION_CONTEXT() REPRESENTATION_CONTEXT('2D SPACE',''
  ) );
#1542 = ORIENTED_EDGE('',*,*,#1543,.F.);
#1543 = EDGE_CURVE('',#1472,#1521,#1544,.T.);
#1544 = SURFACE_CURVE('',#1545,(#1549,#1556),.PCURVE_S1.);
#1545 = LINE('',#1546,#1547);
#1546 = CARTESIAN_POINT('',(-146.7221401,31.1867536,0.));
#1547 = VECTOR('',#1548,1.);
#1548 = DIRECTION('',(0.309016994848,0.951056516141,0.));
#1549 = PCURVE('',#608,#1550);
#1550 = DEFINITIONAL_REPRESENTATION('',(#1551),#1555);
#1551 = LINE('',#1552,#1553);
#1552 = CARTESIAN_POINT('',(-550.,0.));
#1553 = VECTOR('',#1554,1.);
#1554 = DIRECTION('',(0.,1.));
#1555 = ( GEOMETRIC_REPRESENTATION_CONTEXT(2) 
PARAMETRIC_REPRESENTATION_CONTEXT() REPRESENTATION_CONTEXT('2D SPACE',''
  ) );
#1556 = PCURVE('',#962,#1557);
#1557 = DEFINITIONAL_REPRESENTATION('',(#1558),#1562);
#1558 = LINE('',#1559,#1560);
#1559 = CARTESIAN_POINT('',(-296.7221401,-31.1867536));
#1560 = VECTOR('',#1561,1.);
#1561 = DIRECTION('',(0.309016994848,-0.951056516141));
#1562 = ( GEOMETRIC_REPRESENTATION_CONTEXT(2) 
PARAMETRIC_REPRESENTATION_CONTEXT() REPRESENTATION_CONTEXT('2D SPACE',''
  ) );
#1563 = ORIENTED_EDGE('',*,*,#1471,.F.);
#1564 = ADVANCED_FACE('',(#1565),#580,.T.);
#1565 = FACE_BOUND('',#1566,.T.);
#1566 = EDGE_LOOP('',(#1567,#1568,#1591,#1612));
#1567 = ORIENTED_EDGE('',*,*,#564,.T.);
#1568 = ORIENTED_EDGE('',*,*,#1569,.T.);
#1569 = EDGE_CURVE('',#537,#1570,#1572,.T.);
#1570 = VERTEX_POINT('',#1571);
#1571 = CARTESIAN_POINT('',(-121.3525492,88.1677878,0.));
#1572 = SURFACE_CURVE('',#1573,(#1577,#1584),.PCURVE_S1.);
#1573 = LINE('',#1574,#1575);
#1574 = CARTESIAN_POINT('',(-121.3525492,88.1677878,550.));
#1575 = VECTOR('',#1576,1.);
#1576 = DIRECTION('',(0.,0.,-1.));
#1577 = PCURVE('',#580,#1578);
#1578 = DEFINITIONAL_REPRESENTATION('',(#1579),#1583);
#1579 = LINE('',#1580,#1581);
#1580 = CARTESIAN_POINT('',(0.,31.358538863774));
#1581 = VECTOR('',#1582,1.);
#1582 = DIRECTION('',(-1.,0.));
#1583 = ( GEOMETRIC_REPRESENTATION_CONTEXT(2) 
PARAMETRIC_REPRESENTATION_CONTEXT() REPRESENTATION_CONTEXT('2D SPACE',''
  ) );
#1584 = PCURVE('',#552,#1585);
#1585 = DEFINITIONAL_REPRESENTATION('',(#1586),#1590);
#1586 = LINE('',#1587,#1588);
#1587 = CARTESIAN_POINT('',(0.,0.));
#1588 = VECTOR('',#1589,1.);
#1589 = DIRECTION('',(-1.,0.));
#1590 = ( GEOMETRIC_REPRESENTATION_CONTEXT(2) 
PARAMETRIC_REPRESENTATION_CONTEXT() REPRESENTATION_CONTEXT('2D SPACE',''
  ) );
#1591 = ORIENTED_EDGE('',*,*,#1592,.F.);
#1592 = EDGE_CURVE('',#1521,#1570,#1593,.T.);
#1593 = SURFACE_CURVE('',#1594,(#1598,#1605),.PCURVE_S1.);
#1594 = LINE('',#1595,#1596);
#1595 = CARTESIAN_POINT('',(-137.0318186,61.0104965,0.));
#1596 = VECTOR('',#1597,1.);
#1597 = DIRECTION('',(0.499999998983,0.866025404372,0.));
#1598 = PCURVE('',#580,#1599);
#1599 = DEFINITIONAL_REPRESENTATION('',(#1600),#1604);
#1600 = LINE('',#1601,#1602);
#1601 = CARTESIAN_POINT('',(-550.,0.));
#1602 = VECTOR('',#1603,1.);
#1603 = DIRECTION('',(0.,1.));
#1604 = ( GEOMETRIC_REPRESENTATION_CONTEXT(2) 
PARAMETRIC_REPRESENTATION_CONTEXT() REPRESENTATION_CONTEXT('2D SPACE',''
  ) );
#1605 = PCURVE('',#962,#1606);
#1606 = DEFINITIONAL_REPRESENTATION('',(#1607),#1611);
#1607 = LINE('',#1608,#1609);
#1608 = CARTESIAN_POINT('',(-287.0318186,-61.0104965));
#1609 = VECTOR('',#1610,1.);
#1610 = DIRECTION('',(0.499999998983,-0.866025404372));
#1611 = ( GEOMETRIC_REPRESENTATION_CONTEXT(2) 
PARAMETRIC_REPRESENTATION_CONTEXT() REPRESENTATION_CONTEXT('2D SPACE',''
  ) );
#1612 = ORIENTED_EDGE('',*,*,#1520,.F.);
#1613 = ADVANCED_FACE('',(#1614),#552,.T.);
#1614 = FACE_BOUND('',#1615,.T.);
#1615 = EDGE_LOOP('',(#1616,#1617,#1640,#1661));
#1616 = ORIENTED_EDGE('',*,*,#536,.T.);
#1617 = ORIENTED_EDGE('',*,*,#1618,.T.);
#1618 = EDGE_CURVE('',#509,#1619,#1621,.T.);
#1619 = VERTEX_POINT('',#1620);
#1620 = CARTESIAN_POINT('',(-100.369591,111.4717238,0.));
#1621 = SURFACE_CURVE('',#1622,(#1626,#1633),.PCURVE_S1.);
#1622 = LINE('',#1623,#1624);
#1623 = CARTESIAN_POINT('',(-100.369591,111.4717238,550.));
#1624 = VECTOR('',#1625,1.);
#1625 = DIRECTION('',(0.,0.,-1.));
#1626 = PCURVE('',#552,#1627);
#1627 = DEFINITIONAL_REPRESENTATION('',(#1628),#1632);
#1628 = LINE('',#1629,#1630);
#1629 = CARTESIAN_POINT('',(0.,31.358538995225));
#1630 = VECTOR('',#1631,1.);
#1631 = DIRECTION('',(-1.,0.));
#1632 = ( GEOMETRIC_REPRESENTATION_CONTEXT(2) 
PARAMETRIC_REPRESENTATION_CONTEXT() REPRESENTATION_CONTEXT('2D SPACE',''
  ) );
#1633 = PCURVE('',#524,#1634);
#1634 = DEFINITIONAL_REPRESENTATION('',(#1635),#1639);
#1635 = LINE('',#1636,#1637);
#1636 = CARTESIAN_POINT('',(0.,0.));
#1637 = VECTOR('',#1638,1.);
#1638 = DIRECTION('',(-1.,0.));
#1639 = ( GEOMETRIC_REPRESENTATION_CONTEXT(2) 
PARAMETRIC_REPRESENTATION_CONTEXT() REPRESENTATION_CONTEXT('2D SPACE',''
  ) );
#1640 = ORIENTED_EDGE('',*,*,#1641,.F.);
#1641 = EDGE_CURVE('',#1570,#1619,#1642,.T.);
#1642 = SURFACE_CURVE('',#1643,(#1647,#1654),.PCURVE_S1.);
#1643 = LINE('',#1644,#1645);
#1644 = CARTESIAN_POINT('',(-121.3525492,88.1677878,0.));
#1645 = VECTOR('',#1646,1.);
#1646 = DIRECTION('',(0.669130605963,0.743144825834,0.));
#1647 = PCURVE('',#552,#1648);
#1648 = DEFINITIONAL_REPRESENTATION('',(#1649),#1653);
#1649 = LINE('',#1650,#1651);
#1650 = CARTESIAN_POINT('',(-550.,0.));
#1651 = VECTOR('',#1652,1.);
#1652 = DIRECTION('',(0.,1.));
#1653 = ( GEOMETRIC_REPRESENTATION_CONTEXT(2) 
PARAMETRIC_REPRESENTATION_CONTEXT() REPRESENTATION_CONTEXT('2D SPACE',''
  ) );
#1654 = PCURVE('',#962,#1655);
#1655 = DEFINITIONAL_REPRESENTATION('',(#1656),#1660);
#1656 = LINE('',#1657,#1658);
#1657 = CARTESIAN_POINT('',(-271.3525492,-88.1677878));
#1658 = VECTOR('',#1659,1.);
#1659 = DIRECTION('',(0.669130605963,-0.743144825834));
#1660 = ( GEOMETRIC_REPRESENTATION_CONTEXT(2) 
PARAMETRIC_REPRESENTATION_CONTEXT() REPRESENTATION_CONTEXT('2D SPACE',''
  ) );
#1661 = ORIENTED_EDGE('',*,*,#1569,.F.);
#1662 = ADVANCED_FACE('',(#1663),#524,.T.);
#1663 = FACE_BOUND('',#1664,.T.);
#1664 = EDGE_LOOP('',(#1665,#1666,#1689,#1710));
#1665 = ORIENTED_EDGE('',*,*,#508,.T.);
#1666 = ORIENTED_EDGE('',*,*,#1667,.T.);
#1667 = EDGE_CURVE('',#481,#1668,#1670,.T.);
#1668 = VERTEX_POINT('',#1669);
#1669 = CARTESIAN_POINT('',(-75.,129.9038106,0.));
#1670 = SURFACE_CURVE('',#1671,(#1675,#1682),.PCURVE_S1.);
#1671 = LINE('',#1672,#1673);
#1672 = CARTESIAN_POINT('',(-75.,129.9038106,550.));
#1673 = VECTOR('',#1674,1.);
#1674 = DIRECTION('',(0.,0.,-1.));
#1675 = PCURVE('',#524,#1676);
#1676 = DEFINITIONAL_REPRESENTATION('',(#1677),#1681);
#1677 = LINE('',#1678,#1679);
#1678 = CARTESIAN_POINT('',(0.,31.358539049356));
#1679 = VECTOR('',#1680,1.);
#1680 = DIRECTION('',(-1.,0.));
#1681 = ( GEOMETRIC_REPRESENTATION_CONTEXT(2) 
PARAMETRIC_REPRESENTATION_CONTEXT() REPRESENTATION_CONTEXT('2D SPACE',''
  ) );
#1682 = PCURVE('',#496,#1683);
#1683 = DEFINITIONAL_REPRESENTATION('',(#1684),#1688);
#1684 = LINE('',#1685,#1686);
#1685 = CARTESIAN_POINT('',(0.,0.));
#1686 = VECTOR('',#1687,1.);
#1687 = DIRECTION('',(-1.,0.));
#1688 = ( GEOMETRIC_REPRESENTATION_CONTEXT(2) 
PARAMETRIC_REPRESENTATION_CONTEXT() REPRESENTATION_CONTEXT('2D SPACE',''
  ) );
#1689 = ORIENTED_EDGE('',*,*,#1690,.F.);
#1690 = EDGE_CURVE('',#1619,#1668,#1691,.T.);
#1691 = SURFACE_CURVE('',#1692,(#1696,#1703),.PCURVE_S1.);
#1692 = LINE('',#1693,#1694);
#1693 = CARTESIAN_POINT('',(-100.369591,111.4717238,0.));
#1694 = VECTOR('',#1695,1.);
#1695 = DIRECTION('',(0.809016994066,0.587785252718,0.));
#1696 = PCURVE('',#524,#1697);
#1697 = DEFINITIONAL_REPRESENTATION('',(#1698),#1702);
#1698 = LINE('',#1699,#1700);
#1699 = CARTESIAN_POINT('',(-550.,0.));
#1700 = VECTOR('',#1701,1.);
#1701 = DIRECTION('',(0.,1.));
#1702 = ( GEOMETRIC_REPRESENTATION_CONTEXT(2) 
PARAMETRIC_REPRESENTATION_CONTEXT() REPRESENTATION_CONTEXT('2D SPACE',''
  ) );
#1703 = PCURVE('',#962,#1704);
#1704 = DEFINITIONAL_REPRESENTATION('',(#1705),#1709);
#1705 = LINE('',#1706,#1707);
#1706 = CARTESIAN_POINT('',(-250.369591,-111.4717238));
#1707 = VECTOR('',#1708,1.);
#1708 = DIRECTION('',(0.809016994066,-0.587785252718));
#1709 = ( GEOMETRIC_REPRESENTATION_CONTEXT(2) 
PARAMETRIC_REPRESENTATION_CONTEXT() REPRESENTATION_CONTEXT('2D SPACE',''
  ) );
#1710 = ORIENTED_EDGE('',*,*,#1618,.F.);
#1711 = ADVANCED_FACE('',(#1712),#496,.T.);
#1712 = FACE_BOUND('',#1713,.T.);
#1713 = EDGE_LOOP('',(#1714,#1715,#1738,#1759));
#1714 = ORIENTED_EDGE('',*,*,#480,.T.);
#1715 = ORIENTED_EDGE('',*,*,#1716,.T.);
#1716 = EDGE_CURVE('',#453,#1717,#1719,.T.);
#1717 = VERTEX_POINT('',#1718);
#1718 = CARTESIAN_POINT('',(-46.3525492,142.6584774,0.));
#1719 = SURFACE_CURVE('',#1720,(#1724,#1731),.PCURVE_S1.);
#1720 = LINE('',#1721,#1722);
#1721 = CARTESIAN_POINT('',(-46.3525492,142.6584774,550.));
#1722 = VECTOR('',#1723,1.);
#1723 = DIRECTION('',(0.,0.,-1.));
#1724 = PCURVE('',#496,#1725);
#1725 = DEFINITIONAL_REPRESENTATION('',(#1726),#1730);
#1726 = LINE('',#1727,#1728);
#1727 = CARTESIAN_POINT('',(0.,31.358538909162));
#1728 = VECTOR('',#1729,1.);
#1729 = DIRECTION('',(-1.,0.));
#1730 = ( GEOMETRIC_REPRESENTATION_CONTEXT(2) 
PARAMETRIC_REPRESENTATION_CONTEXT() REPRESENTATION_CONTEXT('2D SPACE',''
  ) );
#1731 = PCURVE('',#468,#1732);
#1732 = DEFINITIONAL_REPRESENTATION('',(#1733),#1737);
#1733 = LINE('',#1734,#1735);
#1734 = CARTESIAN_POINT('',(0.,0.));
#1735 = VECTOR('',#1736,1.);
#1736 = DIRECTION('',(-1.,0.));
#1737 = ( GEOMETRIC_REPRESENTATION_CONTEXT(2) 
PARAMETRIC_REPRESENTATION_CONTEXT() REPRESENTATION_CONTEXT('2D SPACE',''
  ) );
#1738 = ORIENTED_EDGE('',*,*,#1739,.F.);
#1739 = EDGE_CURVE('',#1668,#1717,#1740,.T.);
#1740 = SURFACE_CURVE('',#1741,(#1745,#1752),.PCURVE_S1.);
#1741 = LINE('',#1742,#1743);
#1742 = CARTESIAN_POINT('',(-75.,129.9038106,0.));
#1743 = VECTOR('',#1744,1.);
#1744 = DIRECTION('',(0.913545458319,0.406736641555,0.));
#1745 = PCURVE('',#496,#1746);
#1746 = DEFINITIONAL_REPRESENTATION('',(#1747),#1751);
#1747 = LINE('',#1748,#1749);
#1748 = CARTESIAN_POINT('',(-550.,0.));
#1749 = VECTOR('',#1750,1.);
#1750 = DIRECTION('',(0.,1.));
#1751 = ( GEOMETRIC_REPRESENTATION_CONTEXT(2) 
PARAMETRIC_REPRESENTATION_CONTEXT() REPRESENTATION_CONTEXT('2D SPACE',''
  ) );
#1752 = PCURVE('',#962,#1753);
#1753 = DEFINITIONAL_REPRESENTATION('',(#1754),#1758);
#1754 = LINE('',#1755,#1756);
#1755 = CARTESIAN_POINT('',(-225.,-129.9038106));
#1756 = VECTOR('',#1757,1.);
#1757 = DIRECTION('',(0.913545458319,-0.406736641555));
#1758 = ( GEOMETRIC_REPRESENTATION_CONTEXT(2) 
PARAMETRIC_REPRESENTATION_CONTEXT() REPRESENTATION_CONTEXT('2D SPACE',''
  ) );
#1759 = ORIENTED_EDGE('',*,*,#1667,.F.);
#1760 = ADVANCED_FACE('',(#1761),#468,.T.);
#1761 = FACE_BOUND('',#1762,.T.);
#1762 = EDGE_LOOP('',(#1763,#1764,#1787,#1808));
#1763 = ORIENTED_EDGE('',*,*,#452,.T.);
#1764 = ORIENTED_EDGE('',*,*,#1765,.T.);
#1765 = EDGE_CURVE('',#425,#1766,#1768,.T.);
#1766 = VERTEX_POINT('',#1767);
#1767 = CARTESIAN_POINT('',(-15.6792695,149.1782843,0.));
#1768 = SURFACE_CURVE('',#1769,(#1773,#1780),.PCURVE_S1.);
#1769 = LINE('',#1770,#1771);
#1770 = CARTESIAN_POINT('',(-15.6792695,149.1782843,550.));
#1771 = VECTOR('',#1772,1.);
#1772 = DIRECTION('',(0.,0.,-1.));
#1773 = PCURVE('',#468,#1774);
#1774 = DEFINITIONAL_REPRESENTATION('',(#1775),#1779);
#1775 = LINE('',#1776,#1777);
#1776 = CARTESIAN_POINT('',(0.,31.358539021576));
#1777 = VECTOR('',#1778,1.);
#1778 = DIRECTION('',(-1.,0.));
#1779 = ( GEOMETRIC_REPRESENTATION_CONTEXT(2) 
PARAMETRIC_REPRESENTATION_CONTEXT() REPRESENTATION_CONTEXT('2D SPACE',''
  ) );
#1780 = PCURVE('',#440,#1781);
#1781 = DEFINITIONAL_REPRESENTATION('',(#1782),#1786);
#1782 = LINE('',#1783,#1784);
#1783 = CARTESIAN_POINT('',(0.,0.));
#1784 = VECTOR('',#1785,1.);
#1785 = DIRECTION('',(0.,1.));
#1786 = ( GEOMETRIC_REPRESENTATION_CONTEXT(2) 
PARAMETRIC_REPRESENTATION_CONTEXT() REPRESENTATION_CONTEXT('2D SPACE',''
  ) );
#1787 = ORIENTED_EDGE('',*,*,#1788,.F.);
#1788 = EDGE_CURVE('',#1717,#1766,#1789,.T.);
#1789 = SURFACE_CURVE('',#1790,(#1794,#1801),.PCURVE_S1.);
#1790 = LINE('',#1791,#1792);
#1791 = CARTESIAN_POINT('',(-46.3525492,142.6584774,0.));
#1792 = VECTOR('',#1793,1.);
#1793 = DIRECTION('',(0.978147600527,0.207911691789,0.));
#1794 = PCURVE('',#468,#1795);
#1795 = DEFINITIONAL_REPRESENTATION('',(#1796),#1800);
#1796 = LINE('',#1797,#1798);
#1797 = CARTESIAN_POINT('',(-550.,0.));
#1798 = VECTOR('',#1799,1.);
#1799 = DIRECTION('',(0.,1.));
#1800 = ( GEOMETRIC_REPRESENTATION_CONTEXT(2) 
PARAMETRIC_REPRESENTATION_CONTEXT() REPRESENTATION_CONTEXT('2D SPACE',''
  ) );
#1801 = PCURVE('',#962,#1802);
#1802 = DEFINITIONAL_REPRESENTATION('',(#1803),#1807);
#1803 = LINE('',#1804,#1805);
#1804 = CARTESIAN_POINT('',(-196.3525492,-142.6584774));
#1805 = VECTOR('',#1806,1.);
#1806 = DIRECTION('',(0.978147600527,-0.207911691789));
#1807 = ( GEOMETRIC_REPRESENTATION_CONTEXT(2) 
PARAMETRIC_REPRESENTATION_CONTEXT() REPRESENTATION_CONTEXT('2D SPACE',''
  ) );
#1808 = ORIENTED_EDGE('',*,*,#1716,.F.);
#1809 = ADVANCED_FACE('',(#1810),#440,.T.);
#1810 = FACE_BOUND('',#1811,.T.);
#1811 = EDGE_LOOP('',(#1812,#1813,#1836,#1857));
#1812 = ORIENTED_EDGE('',*,*,#424,.T.);
#1813 = ORIENTED_EDGE('',*,*,#1814,.T.);
#1814 = EDGE_CURVE('',#397,#1815,#1817,.T.);
#1815 = VERTEX_POINT('',#1816);
#1816 = CARTESIAN_POINT('',(15.6792695,149.1782843,0.));
#1817 = SURFACE_CURVE('',#1818,(#1822,#1829),.PCURVE_S1.);
#1818 = LINE('',#1819,#1820);
#1819 = CARTESIAN_POINT('',(15.6792695,149.1782843,550.));
#1820 = VECTOR('',#1821,1.);
#1821 = DIRECTION('',(0.,0.,-1.));
#1822 = PCURVE('',#440,#1823);
#1823 = DEFINITIONAL_REPRESENTATION('',(#1824),#1828);
#1824 = LINE('',#1825,#1826);
#1825 = CARTESIAN_POINT('',(31.358539,0.));
#1826 = VECTOR('',#1827,1.);
#1827 = DIRECTION('',(0.,1.));
#1828 = ( GEOMETRIC_REPRESENTATION_CONTEXT(2) 
PARAMETRIC_REPRESENTATION_CONTEXT() REPRESENTATION_CONTEXT('2D SPACE',''
  ) );
#1829 = PCURVE('',#412,#1830);
#1830 = DEFINITIONAL_REPRESENTATION('',(#1831),#1835);
#1831 = LINE('',#1832,#1833);
#1832 = CARTESIAN_POINT('',(0.,0.));
#1833 = VECTOR('',#1834,1.);
#1834 = DIRECTION('',(-1.,0.));
#1835 = ( GEOMETRIC_REPRESENTATION_CONTEXT(2) 
PARAMETRIC_REPRESENTATION_CONTEXT() REPRESENTATION_CONTEXT('2D SPACE',''
  ) );
#1836 = ORIENTED_EDGE('',*,*,#1837,.F.);
#1837 = EDGE_CURVE('',#1766,#1815,#1838,.T.);
#1838 = SURFACE_CURVE('',#1839,(#1843,#1850),.PCURVE_S1.);
#1839 = LINE('',#1840,#1841);
#1840 = CARTESIAN_POINT('',(-15.6792695,149.1782843,0.));
#1841 = VECTOR('',#1842,1.);
#1842 = DIRECTION('',(1.,0.,0.));
#1843 = PCURVE('',#440,#1844);
#1844 = DEFINITIONAL_REPRESENTATION('',(#1845),#1849);
#1845 = LINE('',#1846,#1847);
#1846 = CARTESIAN_POINT('',(0.,550.));
#1847 = VECTOR('',#1848,1.);
#1848 = DIRECTION('',(1.,0.));
#1849 = ( GEOMETRIC_REPRESENTATION_CONTEXT(2) 
PARAMETRIC_REPRESENTATION_CONTEXT() REPRESENTATION_CONTEXT('2D SPACE',''
  ) );
#1850 = PCURVE('',#962,#1851);
#1851 = DEFINITIONAL_REPRESENTATION('',(#1852),#1856);
#1852 = LINE('',#1853,#1854);
#1853 = CARTESIAN_POINT('',(-165.6792695,-149.1782843));
#1854 = VECTOR('',#1855,1.);
#1855 = DIRECTION('',(1.,0.));
#1856 = ( GEOMETRIC_REPRESENTATION_CONTEXT(2) 
PARAMETRIC_REPRESENTATION_CONTEXT() REPRESENTATION_CONTEXT('2D SPACE',''
  ) );
#1857 = ORIENTED_EDGE('',*,*,#1765,.F.);
#1858 = ADVANCED_FACE('',(#1859),#412,.T.);
#1859 = FACE_BOUND('',#1860,.T.);
#1860 = EDGE_LOOP('',(#1861,#1862,#1885,#1906));
#1861 = ORIENTED_EDGE('',*,*,#396,.T.);
#1862 = ORIENTED_EDGE('',*,*,#1863,.T.);
#1863 = EDGE_CURVE('',#369,#1864,#1866,.T.);
#1864 = VERTEX_POINT('',#1865);
#1865 = CARTESIAN_POINT('',(46.3525492,142.6584774,0.));
#1866 = SURFACE_CURVE('',#1867,(#1871,#1878),.PCURVE_S1.);
#1867 = LINE('',#1868,#1869);
#1868 = CARTESIAN_POINT('',(46.3525492,142.6584774,550.));
#1869 = VECTOR('',#1870,1.);
#1870 = DIRECTION('',(0.,0.,-1.));
#1871 = PCURVE('',#412,#1872);
#1872 = DEFINITIONAL_REPRESENTATION('',(#1873),#1877);
#1873 = LINE('',#1874,#1875);
#1874 = CARTESIAN_POINT('',(0.,31.358539021576));
#1875 = VECTOR('',#1876,1.);
#1876 = DIRECTION('',(-1.,0.));
#1877 = ( GEOMETRIC_REPRESENTATION_CONTEXT(2) 
PARAMETRIC_REPRESENTATION_CONTEXT() REPRESENTATION_CONTEXT('2D SPACE',''
  ) );
#1878 = PCURVE('',#384,#1879);
#1879 = DEFINITIONAL_REPRESENTATION('',(#1880),#1884);
#1880 = LINE('',#1881,#1882);
#1881 = CARTESIAN_POINT('',(0.,0.));
#1882 = VECTOR('',#1883,1.);
#1883 = DIRECTION('',(-1.,0.));
#1884 = ( GEOMETRIC_REPRESENTATION_CONTEXT(2) 
PARAMETRIC_REPRESENTATION_CONTEXT() REPRESENTATION_CONTEXT('2D SPACE',''
  ) );
#1885 = ORIENTED_EDGE('',*,*,#1886,.F.);
#1886 = EDGE_CURVE('',#1815,#1864,#1887,.T.);
#1887 = SURFACE_CURVE('',#1888,(#1892,#1899),.PCURVE_S1.);
#1888 = LINE('',#1889,#1890);
#1889 = CARTESIAN_POINT('',(15.6792695,149.1782843,0.));
#1890 = VECTOR('',#1891,1.);
#1891 = DIRECTION('',(0.978147600527,-0.207911691789,0.));
#1892 = PCURVE('',#412,#1893);
#1893 = DEFINITIONAL_REPRESENTATION('',(#1894),#1898);
#1894 = LINE('',#1895,#1896);
#1895 = CARTESIAN_POINT('',(-550.,0.));
#1896 = VECTOR('',#1897,1.);
#1897 = DIRECTION('',(0.,1.));
#1898 = ( GEOMETRIC_REPRESENTATION_CONTEXT(2) 
PARAMETRIC_REPRESENTATION_CONTEXT() REPRESENTATION_CONTEXT('2D SPACE',''
  ) );
#1899 = PCURVE('',#962,#1900);
#1900 = DEFINITIONAL_REPRESENTATION('',(#1901),#1905);
#1901 = LINE('',#1902,#1903);
#1902 = CARTESIAN_POINT('',(-134.3207305,-149.1782843));
#1903 = VECTOR('',#1904,1.);
#1904 = DIRECTION('',(0.978147600527,0.207911691789));
#1905 = ( GEOMETRIC_REPRESENTATION_CONTEXT(2) 
PARAMETRIC_REPRESENTATION_CONTEXT() REPRESENTATION_CONTEXT('2D SPACE',''
  ) );
#1906 = ORIENTED_EDGE('',*,*,#1814,.F.);
#1907 = ADVANCED_FACE('',(#1908),#384,.T.);
#1908 = FACE_BOUND('',#1909,.T.);
#1909 = EDGE_LOOP('',(#1910,#1911,#1912,#1933,#1954,#1982));
#1910 = ORIENTED_EDGE('',*,*,#1863,.F.);
#1911 = ORIENTED_EDGE('',*,*,#368,.T.);
#1912 = ORIENTED_EDGE('',*,*,#1913,.F.);
#1913 = EDGE_CURVE('',#1914,#343,#1916,.T.);
#1914 = VERTEX_POINT('',#1915);
#1915 = CARTESIAN_POINT('',(55.,138.80838426628,60.));
#1916 = SURFACE_CURVE('',#1917,(#1921,#1927),.PCURVE_S1.);
#1917 = LINE('',#1918,#1919);
#1918 = CARTESIAN_POINT('',(55.,138.80838426628,555.));
#1919 = VECTOR('',#1920,1.);
#1920 = DIRECTION('',(0.,-0.,1.));
#1921 = PCURVE('',#384,#1922);
#1922 = DEFINITIONAL_REPRESENTATION('',(#1923),#1926);
#1923 = B_SPLINE_CURVE_WITH_KNOTS('',1,(#1924,#1925),.UNSPECIFIED.,.F.,
  .F.,(2,2),(-495.,-5.),.PIECEWISE_BEZIER_KNOTS.);
#1924 = CARTESIAN_POINT('',(-490.,9.465813355263));
#1925 = CARTESIAN_POINT('',(0.,9.465813355263));
#1926 = ( GEOMETRIC_REPRESENTATION_CONTEXT(2) 
PARAMETRIC_REPRESENTATION_CONTEXT() REPRESENTATION_CONTEXT('2D SPACE',''
  ) );
#1927 = PCURVE('',#357,#1928);
#1928 = DEFINITIONAL_REPRESENTATION('',(#1929),#1932);
#1929 = B_SPLINE_CURVE_WITH_KNOTS('',1,(#1930,#1931),.UNSPECIFIED.,.F.,
  .F.,(2,2),(-495.,-5.),.PIECEWISE_BEZIER_KNOTS.);
#1930 = CARTESIAN_POINT('',(-500.,21.8927255539));
#1931 = CARTESIAN_POINT('',(-10.,21.8927255539));
#1932 = ( GEOMETRIC_REPRESENTATION_CONTEXT(2) 
PARAMETRIC_REPRESENTATION_CONTEXT() REPRESENTATION_CONTEXT('2D SPACE',''
  ) );
#1933 = ORIENTED_EDGE('',*,*,#1934,.F.);
#1934 = EDGE_CURVE('',#1935,#1914,#1937,.T.);
#1935 = VERTEX_POINT('',#1936);
#1936 = CARTESIAN_POINT('',(75.,129.9038106,60.));
#1937 = SURFACE_CURVE('',#1938,(#1942,#1948),.PCURVE_S1.);
#1938 = LINE('',#1939,#1940);
#1939 = CARTESIAN_POINT('',(162.00790135046,91.165397243778,60.));
#1940 = VECTOR('',#1941,1.);
#1941 = DIRECTION('',(-0.913545458319,0.406736641555,-1.129217852592E-17
    ));
#1942 = PCURVE('',#384,#1943);
#1943 = DEFINITIONAL_REPRESENTATION('',(#1944),#1947);
#1944 = B_SPLINE_CURVE_WITH_KNOTS('',1,(#1945,#1946),.UNSPECIFIED.,.F.,
  .F.,(2,2),(95.242005264324,126.60054417348),.PIECEWISE_BEZIER_KNOTS.);
#1945 = CARTESIAN_POINT('',(-490.,31.358538909162));
#1946 = CARTESIAN_POINT('',(-490.,0.));
#1947 = ( GEOMETRIC_REPRESENTATION_CONTEXT(2) 
PARAMETRIC_REPRESENTATION_CONTEXT() REPRESENTATION_CONTEXT('2D SPACE',''
  ) );
#1948 = PCURVE('',#1015,#1949);
#1949 = DEFINITIONAL_REPRESENTATION('',(#1950),#1953);
#1950 = B_SPLINE_CURVE_WITH_KNOTS('',1,(#1951,#1952),.UNSPECIFIED.,.F.,
  .F.,(2,2),(95.242005264324,126.60054417348),.PIECEWISE_BEZIER_KNOTS.);
#1951 = CARTESIAN_POINT('',(129.9038106,-185.));
#1952 = CARTESIAN_POINT('',(142.6584774,-213.6474508));
#1953 = ( GEOMETRIC_REPRESENTATION_CONTEXT(2) 
PARAMETRIC_REPRESENTATION_CONTEXT() REPRESENTATION_CONTEXT('2D SPACE',''
  ) );
#1954 = ORIENTED_EDGE('',*,*,#1955,.T.);
#1955 = EDGE_CURVE('',#1935,#1956,#1958,.T.);
#1956 = VERTEX_POINT('',#1957);
#1957 = CARTESIAN_POINT('',(75.,129.9038106,0.));
#1958 = SURFACE_CURVE('',#1959,(#1963,#1970),.PCURVE_S1.);
#1959 = LINE('',#1960,#1961);
#1960 = CARTESIAN_POINT('',(75.,129.9038106,550.));
#1961 = VECTOR('',#1962,1.);
#1962 = DIRECTION('',(0.,0.,-1.));
#1963 = PCURVE('',#384,#1964);
#1964 = DEFINITIONAL_REPRESENTATION('',(#1965),#1969);
#1965 = LINE('',#1966,#1967);
#1966 = CARTESIAN_POINT('',(0.,31.358538909162));
#1967 = VECTOR('',#1968,1.);
#1968 = DIRECTION('',(-1.,0.));
#1969 = ( GEOMETRIC_REPRESENTATION_CONTEXT(2) 
PARAMETRIC_REPRESENTATION_CONTEXT() REPRESENTATION_CONTEXT('2D SPACE',''
  ) );
#1970 = PCURVE('',#1971,#1976);
#1971 = PLANE('',#1972);
#1972 = AXIS2_PLACEMENT_3D('',#1973,#1974,#1975);
#1973 = CARTESIAN_POINT('',(75.,129.9038106,550.));
#1974 = DIRECTION('',(0.587785252718,0.809016994066,0.));
#1975 = DIRECTION('',(0.,-0.,1.));
#1976 = DEFINITIONAL_REPRESENTATION('',(#1977),#1981);
#1977 = LINE('',#1978,#1979);
#1978 = CARTESIAN_POINT('',(0.,0.));
#1979 = VECTOR('',#1980,1.);
#1980 = DIRECTION('',(-1.,0.));
#1981 = ( GEOMETRIC_REPRESENTATION_CONTEXT(2) 
PARAMETRIC_REPRESENTATION_CONTEXT() REPRESENTATION_CONTEXT('2D SPACE',''
  ) );
#1982 = ORIENTED_EDGE('',*,*,#1983,.F.);
#1983 = EDGE_CURVE('',#1864,#1956,#1984,.T.);
#1984 = SURFACE_CURVE('',#1985,(#1989,#1996),.PCURVE_S1.);
#1985 = LINE('',#1986,#1987);
#1986 = CARTESIAN_POINT('',(46.3525492,142.6584774,0.));
#1987 = VECTOR('',#1988,1.);
#1988 = DIRECTION('',(0.913545458319,-0.406736641555,0.));
#1989 = PCURVE('',#384,#1990);
#1990 = DEFINITIONAL_REPRESENTATION('',(#1991),#1995);
#1991 = LINE('',#1992,#1993);
#1992 = CARTESIAN_POINT('',(-550.,0.));
#1993 = VECTOR('',#1994,1.);
#1994 = DIRECTION('',(0.,1.));
#1995 = ( GEOMETRIC_REPRESENTATION_CONTEXT(2) 
PARAMETRIC_REPRESENTATION_CONTEXT() REPRESENTATION_CONTEXT('2D SPACE',''
  ) );
#1996 = PCURVE('',#962,#1997);
#1997 = DEFINITIONAL_REPRESENTATION('',(#1998),#2002);
#1998 = LINE('',#1999,#2000);
#1999 = CARTESIAN_POINT('',(-103.6474508,-142.6584774));
#2000 = VECTOR('',#2001,1.);
#2001 = DIRECTION('',(0.913545458319,0.406736641555));
#2002 = ( GEOMETRIC_REPRESENTATION_CONTEXT(2) 
PARAMETRIC_REPRESENTATION_CONTEXT() REPRESENTATION_CONTEXT('2D SPACE',''
  ) );
#2003 = ADVANCED_FACE('',(#2004),#357,.F.);
#2004 = FACE_BOUND('',#2005,.F.);
#2005 = EDGE_LOOP('',(#2006,#2029,#2030,#2031));
#2006 = ORIENTED_EDGE('',*,*,#2007,.F.);
#2007 = EDGE_CURVE('',#317,#2008,#2010,.T.);
#2008 = VERTEX_POINT('',#2009);
#2009 = CARTESIAN_POINT('',(35.,129.9038106,60.));
#2010 = SURFACE_CURVE('',#2011,(#2015,#2022),.PCURVE_S1.);
#2011 = LINE('',#2012,#2013);
#2012 = CARTESIAN_POINT('',(35.,129.9038106,560.));
#2013 = VECTOR('',#2014,1.);
#2014 = DIRECTION('',(0.,0.,-1.));
#2015 = PCURVE('',#357,#2016);
#2016 = DEFINITIONAL_REPRESENTATION('',(#2017),#2021);
#2017 = LINE('',#2018,#2019);
#2018 = CARTESIAN_POINT('',(0.,0.));
#2019 = VECTOR('',#2020,1.);
#2020 = DIRECTION('',(-1.,0.));
#2021 = ( GEOMETRIC_REPRESENTATION_CONTEXT(2) 
PARAMETRIC_REPRESENTATION_CONTEXT() REPRESENTATION_CONTEXT('2D SPACE',''
  ) );
#2022 = PCURVE('',#331,#2023);
#2023 = DEFINITIONAL_REPRESENTATION('',(#2024),#2028);
#2024 = LINE('',#2025,#2026);
#2025 = CARTESIAN_POINT('',(0.,31.358539049356));
#2026 = VECTOR('',#2027,1.);
#2027 = DIRECTION('',(-1.,0.));
#2028 = ( GEOMETRIC_REPRESENTATION_CONTEXT(2) 
PARAMETRIC_REPRESENTATION_CONTEXT() REPRESENTATION_CONTEXT('2D SPACE',''
  ) );
#2029 = ORIENTED_EDGE('',*,*,#342,.F.);
#2030 = ORIENTED_EDGE('',*,*,#1913,.F.);
#2031 = ORIENTED_EDGE('',*,*,#2032,.F.);
#2032 = EDGE_CURVE('',#2008,#1914,#2033,.T.);
#2033 = SURFACE_CURVE('',#2034,(#2038,#2045),.PCURVE_S1.);
#2034 = LINE('',#2035,#2036);
#2035 = CARTESIAN_POINT('',(35.,129.9038106,60.));
#2036 = VECTOR('',#2037,1.);
#2037 = DIRECTION('',(0.913545458319,0.406736641555,0.));
#2038 = PCURVE('',#357,#2039);
#2039 = DEFINITIONAL_REPRESENTATION('',(#2040),#2044);
#2040 = LINE('',#2041,#2042);
#2041 = CARTESIAN_POINT('',(-500.,0.));
#2042 = VECTOR('',#2043,1.);
#2043 = DIRECTION('',(0.,1.));
#2044 = ( GEOMETRIC_REPRESENTATION_CONTEXT(2) 
PARAMETRIC_REPRESENTATION_CONTEXT() REPRESENTATION_CONTEXT('2D SPACE',''
  ) );
#2045 = PCURVE('',#1015,#2046);
#2046 = DEFINITIONAL_REPRESENTATION('',(#2047),#2051);
#2047 = LINE('',#2048,#2049);
#2048 = CARTESIAN_POINT('',(129.9038106,-225.));
#2049 = VECTOR('',#2050,1.);
#2050 = DIRECTION('',(0.406736641555,0.913545458319));
#2051 = ( GEOMETRIC_REPRESENTATION_CONTEXT(2) 
PARAMETRIC_REPRESENTATION_CONTEXT() REPRESENTATION_CONTEXT('2D SPACE',''
  ) );
#2052 = ADVANCED_FACE('',(#2053),#331,.F.);
#2053 = FACE_BOUND('',#2054,.F.);
#2054 = EDGE_LOOP('',(#2055,#2078,#2079,#2080));
#2055 = ORIENTED_EDGE('',*,*,#2056,.F.);
#2056 = EDGE_CURVE('',#291,#2057,#2059,.T.);
#2057 = VERTEX_POINT('',#2058);
#2058 = CARTESIAN_POINT('',(9.630409,111.4717238,60.));
#2059 = SURFACE_CURVE('',#2060,(#2064,#2071),.PCURVE_S1.);
#2060 = LINE('',#2061,#2062);
#2061 = CARTESIAN_POINT('',(9.630409,111.4717238,560.));
#2062 = VECTOR('',#2063,1.);
#2063 = DIRECTION('',(0.,0.,-1.));
#2064 = PCURVE('',#331,#2065);
#2065 = DEFINITIONAL_REPRESENTATION('',(#2066),#2070);
#2066 = LINE('',#2067,#2068);
#2067 = CARTESIAN_POINT('',(0.,0.));
#2068 = VECTOR('',#2069,1.);
#2069 = DIRECTION('',(-1.,0.));
#2070 = ( GEOMETRIC_REPRESENTATION_CONTEXT(2) 
PARAMETRIC_REPRESENTATION_CONTEXT() REPRESENTATION_CONTEXT('2D SPACE',''
  ) );
#2071 = PCURVE('',#305,#2072);
#2072 = DEFINITIONAL_REPRESENTATION('',(#2073),#2077);
#2073 = LINE('',#2074,#2075);
#2074 = CARTESIAN_POINT('',(0.,31.358538995225));
#2075 = VECTOR('',#2076,1.);
#2076 = DIRECTION('',(-1.,0.));
#2077 = ( GEOMETRIC_REPRESENTATION_CONTEXT(2) 
PARAMETRIC_REPRESENTATION_CONTEXT() REPRESENTATION_CONTEXT('2D SPACE',''
  ) );
#2078 = ORIENTED_EDGE('',*,*,#316,.F.);
#2079 = ORIENTED_EDGE('',*,*,#2007,.T.);
#2080 = ORIENTED_EDGE('',*,*,#2081,.F.);
#2081 = EDGE_CURVE('',#2057,#2008,#2082,.T.);
#2082 = SURFACE_CURVE('',#2083,(#2087,#2094),.PCURVE_S1.);
#2083 = LINE('',#2084,#2085);
#2084 = CARTESIAN_POINT('',(9.630409,111.4717238,60.));
#2085 = VECTOR('',#2086,1.);
#2086 = DIRECTION('',(0.809016994066,0.587785252718,0.));
#2087 = PCURVE('',#331,#2088);
#2088 = DEFINITIONAL_REPRESENTATION('',(#2089),#2093);
#2089 = LINE('',#2090,#2091);
#2090 = CARTESIAN_POINT('',(-500.,0.));
#2091 = VECTOR('',#2092,1.);
#2092 = DIRECTION('',(0.,1.));
#2093 = ( GEOMETRIC_REPRESENTATION_CONTEXT(2) 
PARAMETRIC_REPRESENTATION_CONTEXT() REPRESENTATION_CONTEXT('2D SPACE',''
  ) );
#2094 = PCURVE('',#1015,#2095);
#2095 = DEFINITIONAL_REPRESENTATION('',(#2096),#2100);
#2096 = LINE('',#2097,#2098);
#2097 = CARTESIAN_POINT('',(111.4717238,-250.369591));
#2098 = VECTOR('',#2099,1.);
#2099 = DIRECTION('',(0.587785252718,0.809016994066));
#2100 = ( GEOMETRIC_REPRESENTATION_CONTEXT(2) 
PARAMETRIC_REPRESENTATION_CONTEXT() REPRESENTATION_CONTEXT('2D SPACE',''
  ) );
#2101 = ADVANCED_FACE('',(#2102),#305,.F.);
#2102 = FACE_BOUND('',#2103,.F.);
#2103 = EDGE_LOOP('',(#2104,#2127,#2128,#2129));
#2104 = ORIENTED_EDGE('',*,*,#2105,.F.);
#2105 = EDGE_CURVE('',#265,#2106,#2108,.T.);
#2106 = VERTEX_POINT('',#2107);
#2107 = CARTESIAN_POINT('',(-11.3525492,88.1677878,60.));
#2108 = SURFACE_CURVE('',#2109,(#2113,#2120),.PCURVE_S1.);
#2109 = LINE('',#2110,#2111);
#2110 = CARTESIAN_POINT('',(-11.3525492,88.1677878,560.));
#2111 = VECTOR('',#2112,1.);
#2112 = DIRECTION('',(0.,0.,-1.));
#2113 = PCURVE('',#305,#2114);
#2114 = DEFINITIONAL_REPRESENTATION('',(#2115),#2119);
#2115 = LINE('',#2116,#2117);
#2116 = CARTESIAN_POINT('',(0.,0.));
#2117 = VECTOR('',#2118,1.);
#2118 = DIRECTION('',(-1.,0.));
#2119 = ( GEOMETRIC_REPRESENTATION_CONTEXT(2) 
PARAMETRIC_REPRESENTATION_CONTEXT() REPRESENTATION_CONTEXT('2D SPACE',''
  ) );
#2120 = PCURVE('',#279,#2121);
#2121 = DEFINITIONAL_REPRESENTATION('',(#2122),#2126);
#2122 = LINE('',#2123,#2124);
#2123 = CARTESIAN_POINT('',(0.,31.358538863774));
#2124 = VECTOR('',#2125,1.);
#2125 = DIRECTION('',(-1.,0.));
#2126 = ( GEOMETRIC_REPRESENTATION_CONTEXT(2) 
PARAMETRIC_REPRESENTATION_CONTEXT() REPRESENTATION_CONTEXT('2D SPACE',''
  ) );
#2127 = ORIENTED_EDGE('',*,*,#290,.F.);
#2128 = ORIENTED_EDGE('',*,*,#2056,.T.);
#2129 = ORIENTED_EDGE('',*,*,#2130,.F.);
#2130 = EDGE_CURVE('',#2106,#2057,#2131,.T.);
#2131 = SURFACE_CURVE('',#2132,(#2136,#2143),.PCURVE_S1.);
#2132 = LINE('',#2133,#2134);
#2133 = CARTESIAN_POINT('',(-11.3525492,88.1677878,60.));
#2134 = VECTOR('',#2135,1.);
#2135 = DIRECTION('',(0.669130605963,0.743144825834,0.));
#2136 = PCURVE('',#305,#2137);
#2137 = DEFINITIONAL_REPRESENTATION('',(#2138),#2142);
#2138 = LINE('',#2139,#2140);
#2139 = CARTESIAN_POINT('',(-500.,0.));
#2140 = VECTOR('',#2141,1.);
#2141 = DIRECTION('',(0.,1.));
#2142 = ( GEOMETRIC_REPRESENTATION_CONTEXT(2) 
PARAMETRIC_REPRESENTATION_CONTEXT() REPRESENTATION_CONTEXT('2D SPACE',''
  ) );
#2143 = PCURVE('',#1015,#2144);
#2144 = DEFINITIONAL_REPRESENTATION('',(#2145),#2149);
#2145 = LINE('',#2146,#2147);
#2146 = CARTESIAN_POINT('',(88.1677878,-271.3525492));
#2147 = VECTOR('',#2148,1.);
#2148 = DIRECTION('',(0.743144825834,0.669130605963));
#2149 = ( GEOMETRIC_REPRESENTATION_CONTEXT(2) 
PARAMETRIC_REPRESENTATION_CONTEXT() REPRESENTATION_CONTEXT('2D SPACE',''
  ) );
#2150 = ADVANCED_FACE('',(#2151),#279,.F.);
#2151 = FACE_BOUND('',#2152,.F.);
#2152 = EDGE_LOOP('',(#2153,#2176,#2177,#2178));
#2153 = ORIENTED_EDGE('',*,*,#2154,.F.);
#2154 = EDGE_CURVE('',#239,#2155,#2157,.T.);
#2155 = VERTEX_POINT('',#2156);
#2156 = CARTESIAN_POINT('',(-27.0318186,61.0104965,60.));
#2157 = SURFACE_CURVE('',#2158,(#2162,#2169),.PCURVE_S1.);
#2158 = LINE('',#2159,#2160);
#2159 = CARTESIAN_POINT('',(-27.0318186,61.0104965,560.));
#2160 = VECTOR('',#2161,1.);
#2161 = DIRECTION('',(0.,0.,-1.));
#2162 = PCURVE('',#279,#2163);
#2163 = DEFINITIONAL_REPRESENTATION('',(#2164),#2168);
#2164 = LINE('',#2165,#2166);
#2165 = CARTESIAN_POINT('',(0.,0.));
#2166 = VECTOR('',#2167,1.);
#2167 = DIRECTION('',(-1.,0.));
#2168 = ( GEOMETRIC_REPRESENTATION_CONTEXT(2) 
PARAMETRIC_REPRESENTATION_CONTEXT() REPRESENTATION_CONTEXT('2D SPACE',''
  ) );
#2169 = PCURVE('',#253,#2170);
#2170 = DEFINITIONAL_REPRESENTATION('',(#2171),#2175);
#2171 = LINE('',#2172,#2173);
#2172 = CARTESIAN_POINT('',(0.,31.358539049813));
#2173 = VECTOR('',#2174,1.);
#2174 = DIRECTION('',(-1.,0.));
#2175 = ( GEOMETRIC_REPRESENTATION_CONTEXT(2) 
PARAMETRIC_REPRESENTATION_CONTEXT() REPRESENTATION_CONTEXT('2D SPACE',''
  ) );
#2176 = ORIENTED_EDGE('',*,*,#264,.F.);
#2177 = ORIENTED_EDGE('',*,*,#2105,.T.);
#2178 = ORIENTED_EDGE('',*,*,#2179,.F.);
#2179 = EDGE_CURVE('',#2155,#2106,#2180,.T.);
#2180 = SURFACE_CURVE('',#2181,(#2185,#2192),.PCURVE_S1.);
#2181 = LINE('',#2182,#2183);
#2182 = CARTESIAN_POINT('',(-27.0318186,61.0104965,60.));
#2183 = VECTOR('',#2184,1.);
#2184 = DIRECTION('',(0.499999998983,0.866025404372,0.));
#2185 = PCURVE('',#279,#2186);
#2186 = DEFINITIONAL_REPRESENTATION('',(#2187),#2191);
#2187 = LINE('',#2188,#2189);
#2188 = CARTESIAN_POINT('',(-500.,0.));
#2189 = VECTOR('',#2190,1.);
#2190 = DIRECTION('',(0.,1.));
#2191 = ( GEOMETRIC_REPRESENTATION_CONTEXT(2) 
PARAMETRIC_REPRESENTATION_CONTEXT() REPRESENTATION_CONTEXT('2D SPACE',''
  ) );
#2192 = PCURVE('',#1015,#2193);
#2193 = DEFINITIONAL_REPRESENTATION('',(#2194),#2198);
#2194 = LINE('',#2195,#2196);
#2195 = CARTESIAN_POINT('',(61.0104965,-287.0318186));
#2196 = VECTOR('',#2197,1.);
#2197 = DIRECTION('',(0.866025404372,0.499999998983));
#2198 = ( GEOMETRIC_REPRESENTATION_CONTEXT(2) 
PARAMETRIC_REPRESENTATION_CONTEXT() REPRESENTATION_CONTEXT('2D SPACE',''
  ) );
#2199 = ADVANCED_FACE('',(#2200),#253,.F.);
#2200 = FACE_BOUND('',#2201,.F.);
#2201 = EDGE_LOOP('',(#2202,#2225,#2226,#2227));
#2202 = ORIENTED_EDGE('',*,*,#2203,.F.);
#2203 = EDGE_CURVE('',#213,#2204,#2206,.T.);
#2204 = VERTEX_POINT('',#2205);
#2205 = CARTESIAN_POINT('',(-36.7221401,31.1867536,60.));
#2206 = SURFACE_CURVE('',#2207,(#2211,#2218),.PCURVE_S1.);
#2207 = LINE('',#2208,#2209);
#2208 = CARTESIAN_POINT('',(-36.7221401,31.1867536,560.));
#2209 = VECTOR('',#2210,1.);
#2210 = DIRECTION('',(0.,0.,-1.));
#2211 = PCURVE('',#253,#2212);
#2212 = DEFINITIONAL_REPRESENTATION('',(#2213),#2217);
#2213 = LINE('',#2214,#2215);
#2214 = CARTESIAN_POINT('',(0.,0.));
#2215 = VECTOR('',#2216,1.);
#2216 = DIRECTION('',(-1.,0.));
#2217 = ( GEOMETRIC_REPRESENTATION_CONTEXT(2) 
PARAMETRIC_REPRESENTATION_CONTEXT() REPRESENTATION_CONTEXT('2D SPACE',''
  ) );
#2218 = PCURVE('',#227,#2219);
#2219 = DEFINITIONAL_REPRESENTATION('',(#2220),#2224);
#2220 = LINE('',#2221,#2222);
#2221 = CARTESIAN_POINT('',(0.,31.358538958809));
#2222 = VECTOR('',#2223,1.);
#2223 = DIRECTION('',(-1.,0.));
#2224 = ( GEOMETRIC_REPRESENTATION_CONTEXT(2) 
PARAMETRIC_REPRESENTATION_CONTEXT() REPRESENTATION_CONTEXT('2D SPACE',''
  ) );
#2225 = ORIENTED_EDGE('',*,*,#238,.F.);
#2226 = ORIENTED_EDGE('',*,*,#2154,.T.);
#2227 = ORIENTED_EDGE('',*,*,#2228,.F.);
#2228 = EDGE_CURVE('',#2204,#2155,#2229,.T.);
#2229 = SURFACE_CURVE('',#2230,(#2234,#2241),.PCURVE_S1.);
#2230 = LINE('',#2231,#2232);
#2231 = CARTESIAN_POINT('',(-36.7221401,31.1867536,60.));
#2232 = VECTOR('',#2233,1.);
#2233 = DIRECTION('',(0.309016994848,0.951056516141,0.));
#2234 = PCURVE('',#253,#2235);
#2235 = DEFINITIONAL_REPRESENTATION('',(#2236),#2240);
#2236 = LINE('',#2237,#2238);
#2237 = CARTESIAN_POINT('',(-500.,0.));
#2238 = VECTOR('',#2239,1.);
#2239 = DIRECTION('',(0.,1.));
#2240 = ( GEOMETRIC_REPRESENTATION_CONTEXT(2) 
PARAMETRIC_REPRESENTATION_CONTEXT() REPRESENTATION_CONTEXT('2D SPACE',''
  ) );
#2241 = PCURVE('',#1015,#2242);
#2242 = DEFINITIONAL_REPRESENTATION('',(#2243),#2247);
#2243 = LINE('',#2244,#2245);
#2244 = CARTESIAN_POINT('',(31.1867536,-296.7221401));
#2245 = VECTOR('',#2246,1.);
#2246 = DIRECTION('',(0.951056516141,0.309016994848));
#2247 = ( GEOMETRIC_REPRESENTATION_CONTEXT(2) 
PARAMETRIC_REPRESENTATION_CONTEXT() REPRESENTATION_CONTEXT('2D SPACE',''
  ) );
#2248 = ADVANCED_FACE('',(#2249),#227,.F.);
#2249 = FACE_BOUND('',#2250,.F.);
#2250 = EDGE_LOOP('',(#2251,#2274,#2275,#2276));
#2251 = ORIENTED_EDGE('',*,*,#2252,.F.);
#2252 = EDGE_CURVE('',#187,#2253,#2255,.T.);
#2253 = VERTEX_POINT('',#2254);
#2254 = CARTESIAN_POINT('',(-40.,0.,60.));
#2255 = SURFACE_CURVE('',#2256,(#2260,#2267),.PCURVE_S1.);
#2256 = LINE('',#2257,#2258);
#2257 = CARTESIAN_POINT('',(-40.,0.,560.));
#2258 = VECTOR('',#2259,1.);
#2259 = DIRECTION('',(0.,0.,-1.));
#2260 = PCURVE('',#227,#2261);
#2261 = DEFINITIONAL_REPRESENTATION('',(#2262),#2266);
#2262 = LINE('',#2263,#2264);
#2263 = CARTESIAN_POINT('',(0.,0.));
#2264 = VECTOR('',#2265,1.);
#2265 = DIRECTION('',(-1.,0.));
#2266 = ( GEOMETRIC_REPRESENTATION_CONTEXT(2) 
PARAMETRIC_REPRESENTATION_CONTEXT() REPRESENTATION_CONTEXT('2D SPACE',''
  ) );
#2267 = PCURVE('',#201,#2268);
#2268 = DEFINITIONAL_REPRESENTATION('',(#2269),#2273);
#2269 = LINE('',#2270,#2271);
#2270 = CARTESIAN_POINT('',(0.,31.358538958809));
#2271 = VECTOR('',#2272,1.);
#2272 = DIRECTION('',(-1.,0.));
#2273 = ( GEOMETRIC_REPRESENTATION_CONTEXT(2) 
PARAMETRIC_REPRESENTATION_CONTEXT() REPRESENTATION_CONTEXT('2D SPACE',''
  ) );
#2274 = ORIENTED_EDGE('',*,*,#212,.F.);
#2275 = ORIENTED_EDGE('',*,*,#2203,.T.);
#2276 = ORIENTED_EDGE('',*,*,#2277,.F.);
#2277 = EDGE_CURVE('',#2253,#2204,#2278,.T.);
#2278 = SURFACE_CURVE('',#2279,(#2283,#2290),.PCURVE_S1.);
#2279 = LINE('',#2280,#2281);
#2280 = CARTESIAN_POINT('',(-40.,0.,60.));
#2281 = VECTOR('',#2282,1.);
#2282 = DIRECTION('',(0.10452846366,0.994521895327,0.));
#2283 = PCURVE('',#227,#2284);
#2284 = DEFINITIONAL_REPRESENTATION('',(#2285),#2289);
#2285 = LINE('',#2286,#2287);
#2286 = CARTESIAN_POINT('',(-500.,0.));
#2287 = VECTOR('',#2288,1.);
#2288 = DIRECTION('',(0.,1.));
#2289 = ( GEOMETRIC_REPRESENTATION_CONTEXT(2) 
PARAMETRIC_REPRESENTATION_CONTEXT() REPRESENTATION_CONTEXT('2D SPACE',''
  ) );
#2290 = PCURVE('',#1015,#2291);
#2291 = DEFINITIONAL_REPRESENTATION('',(#2292),#2296);
#2292 = LINE('',#2293,#2294);
#2293 = CARTESIAN_POINT('',(0.,-300.));
#2294 = VECTOR('',#2295,1.);
#2295 = DIRECTION('',(0.994521895327,0.10452846366));
#2296 = ( GEOMETRIC_REPRESENTATION_CONTEXT(2) 
PARAMETRIC_REPRESENTATION_CONTEXT() REPRESENTATION_CONTEXT('2D SPACE',''
  ) );
#2297 = ADVANCED_FACE('',(#2298),#201,.F.);
#2298 = FACE_BOUND('',#2299,.F.);
#2299 = EDGE_LOOP('',(#2300,#2323,#2324,#2325));
#2300 = ORIENTED_EDGE('',*,*,#2301,.F.);
#2301 = EDGE_CURVE('',#161,#2302,#2304,.T.);
#2302 = VERTEX_POINT('',#2303);
#2303 = CARTESIAN_POINT('',(-36.7221401,-31.1867536,60.));
#2304 = SURFACE_CURVE('',#2305,(#2309,#2316),.PCURVE_S1.);
#2305 = LINE('',#2306,#2307);
#2306 = CARTESIAN_POINT('',(-36.7221401,-31.1867536,560.));
#2307 = VECTOR('',#2308,1.);
#2308 = DIRECTION('',(0.,0.,-1.));
#2309 = PCURVE('',#201,#2310);
#2310 = DEFINITIONAL_REPRESENTATION('',(#2311),#2315);
#2311 = LINE('',#2312,#2313);
#2312 = CARTESIAN_POINT('',(0.,0.));
#2313 = VECTOR('',#2314,1.);
#2314 = DIRECTION('',(-1.,0.));
#2315 = ( GEOMETRIC_REPRESENTATION_CONTEXT(2) 
PARAMETRIC_REPRESENTATION_CONTEXT() REPRESENTATION_CONTEXT('2D SPACE',''
  ) );
#2316 = PCURVE('',#175,#2317);
#2317 = DEFINITIONAL_REPRESENTATION('',(#2318),#2322);
#2318 = LINE('',#2319,#2320);
#2319 = CARTESIAN_POINT('',(0.,31.358539049813));
#2320 = VECTOR('',#2321,1.);
#2321 = DIRECTION('',(-1.,0.));
#2322 = ( GEOMETRIC_REPRESENTATION_CONTEXT(2) 
PARAMETRIC_REPRESENTATION_CONTEXT() REPRESENTATION_CONTEXT('2D SPACE',''
  ) );
#2323 = ORIENTED_EDGE('',*,*,#186,.F.);
#2324 = ORIENTED_EDGE('',*,*,#2252,.T.);
#2325 = ORIENTED_EDGE('',*,*,#2326,.F.);
#2326 = EDGE_CURVE('',#2302,#2253,#2327,.T.);
#2327 = SURFACE_CURVE('',#2328,(#2332,#2339),.PCURVE_S1.);
#2328 = LINE('',#2329,#2330);
#2329 = CARTESIAN_POINT('',(-36.7221401,-31.1867536,60.));
#2330 = VECTOR('',#2331,1.);
#2331 = DIRECTION('',(-0.10452846366,0.994521895327,0.));
#2332 = PCURVE('',#201,#2333);
#2333 = DEFINITIONAL_REPRESENTATION('',(#2334),#2338);
#2334 = LINE('',#2335,#2336);
#2335 = CARTESIAN_POINT('',(-500.,0.));
#2336 = VECTOR('',#2337,1.);
#2337 = DIRECTION('',(0.,1.));
#2338 = ( GEOMETRIC_REPRESENTATION_CONTEXT(2) 
PARAMETRIC_REPRESENTATION_CONTEXT() REPRESENTATION_CONTEXT('2D SPACE',''
  ) );
#2339 = PCURVE('',#1015,#2340);
#2340 = DEFINITIONAL_REPRESENTATION('',(#2341),#2345);
#2341 = LINE('',#2342,#2343);
#2342 = CARTESIAN_POINT('',(-31.1867536,-296.7221401));
#2343 = VECTOR('',#2344,1.);
#2344 = DIRECTION('',(0.994521895327,-0.10452846366));
#2345 = ( GEOMETRIC_REPRESENTATION_CONTEXT(2) 
PARAMETRIC_REPRESENTATION_CONTEXT() REPRESENTATION_CONTEXT('2D SPACE',''
  ) );
#2346 = ADVANCED_FACE('',(#2347),#175,.F.);
#2347 = FACE_BOUND('',#2348,.F.);
#2348 = EDGE_LOOP('',(#2349,#2372,#2373,#2374));
#2349 = ORIENTED_EDGE('',*,*,#2350,.F.);
#2350 = EDGE_CURVE('',#135,#2351,#2353,.T.);
#2351 = VERTEX_POINT('',#2352);
#2352 = CARTESIAN_POINT('',(-27.0318186,-61.0104965,60.));
#2353 = SURFACE_CURVE('',#2354,(#2358,#2365),.PCURVE_S1.);
#2354 = LINE('',#2355,#2356);
#2355 = CARTESIAN_POINT('',(-27.0318186,-61.0104965,560.));
#2356 = VECTOR('',#2357,1.);
#2357 = DIRECTION('',(0.,0.,-1.));
#2358 = PCURVE('',#175,#2359);
#2359 = DEFINITIONAL_REPRESENTATION('',(#2360),#2364);
#2360 = LINE('',#2361,#2362);
#2361 = CARTESIAN_POINT('',(0.,0.));
#2362 = VECTOR('',#2363,1.);
#2363 = DIRECTION('',(-1.,0.));
#2364 = ( GEOMETRIC_REPRESENTATION_CONTEXT(2) 
PARAMETRIC_REPRESENTATION_CONTEXT() REPRESENTATION_CONTEXT('2D SPACE',''
  ) );
#2365 = PCURVE('',#149,#2366);
#2366 = DEFINITIONAL_REPRESENTATION('',(#2367),#2371);
#2367 = LINE('',#2368,#2369);
#2368 = CARTESIAN_POINT('',(0.,31.358538863774));
#2369 = VECTOR('',#2370,1.);
#2370 = DIRECTION('',(-1.,0.));
#2371 = ( GEOMETRIC_REPRESENTATION_CONTEXT(2) 
PARAMETRIC_REPRESENTATION_CONTEXT() REPRESENTATION_CONTEXT('2D SPACE',''
  ) );
#2372 = ORIENTED_EDGE('',*,*,#160,.F.);
#2373 = ORIENTED_EDGE('',*,*,#2301,.T.);
#2374 = ORIENTED_EDGE('',*,*,#2375,.F.);
#2375 = EDGE_CURVE('',#2351,#2302,#2376,.T.);
#2376 = SURFACE_CURVE('',#2377,(#2381,#2388),.PCURVE_S1.);
#2377 = LINE('',#2378,#2379);
#2378 = CARTESIAN_POINT('',(-27.0318186,-61.0104965,60.));
#2379 = VECTOR('',#2380,1.);
#2380 = DIRECTION('',(-0.309016994848,0.951056516141,0.));
#2381 = PCURVE('',#175,#2382);
#2382 = DEFINITIONAL_REPRESENTATION('',(#2383),#2387);
#2383 = LINE('',#2384,#2385);
#2384 = CARTESIAN_POINT('',(-500.,0.));
#2385 = VECTOR('',#2386,1.);
#2386 = DIRECTION('',(0.,1.));
#2387 = ( GEOMETRIC_REPRESENTATION_CONTEXT(2) 
PARAMETRIC_REPRESENTATION_CONTEXT() REPRESENTATION_CONTEXT('2D SPACE',''
  ) );
#2388 = PCURVE('',#1015,#2389);
#2389 = DEFINITIONAL_REPRESENTATION('',(#2390),#2394);
#2390 = LINE('',#2391,#2392);
#2391 = CARTESIAN_POINT('',(-61.0104965,-287.0318186));
#2392 = VECTOR('',#2393,1.);
#2393 = DIRECTION('',(0.951056516141,-0.309016994848));
#2394 = ( GEOMETRIC_REPRESENTATION_CONTEXT(2) 
PARAMETRIC_REPRESENTATION_CONTEXT() REPRESENTATION_CONTEXT('2D SPACE',''
  ) );
#2395 = ADVANCED_FACE('',(#2396),#149,.F.);
#2396 = FACE_BOUND('',#2397,.F.);
#2397 = EDGE_LOOP('',(#2398,#2421,#2422,#2423));
#2398 = ORIENTED_EDGE('',*,*,#2399,.F.);
#2399 = EDGE_CURVE('',#109,#2400,#2402,.T.);
#2400 = VERTEX_POINT('',#2401);
#2401 = CARTESIAN_POINT('',(-11.3525492,-88.1677878,60.));
#2402 = SURFACE_CURVE('',#2403,(#2407,#2414),.PCURVE_S1.);
#2403 = LINE('',#2404,#2405);
#2404 = CARTESIAN_POINT('',(-11.3525492,-88.1677878,560.));
#2405 = VECTOR('',#2406,1.);
#2406 = DIRECTION('',(0.,0.,-1.));
#2407 = PCURVE('',#149,#2408);
#2408 = DEFINITIONAL_REPRESENTATION('',(#2409),#2413);
#2409 = LINE('',#2410,#2411);
#2410 = CARTESIAN_POINT('',(0.,0.));
#2411 = VECTOR('',#2412,1.);
#2412 = DIRECTION('',(-1.,0.));
#2413 = ( GEOMETRIC_REPRESENTATION_CONTEXT(2) 
PARAMETRIC_REPRESENTATION_CONTEXT() REPRESENTATION_CONTEXT('2D SPACE',''
  ) );
#2414 = PCURVE('',#123,#2415);
#2415 = DEFINITIONAL_REPRESENTATION('',(#2416),#2420);
#2416 = LINE('',#2417,#2418);
#2417 = CARTESIAN_POINT('',(0.,31.358538995225));
#2418 = VECTOR('',#2419,1.);
#2419 = DIRECTION('',(-1.,0.));
#2420 = ( GEOMETRIC_REPRESENTATION_CONTEXT(2) 
PARAMETRIC_REPRESENTATION_CONTEXT() REPRESENTATION_CONTEXT('2D SPACE',''
  ) );
#2421 = ORIENTED_EDGE('',*,*,#134,.F.);
#2422 = ORIENTED_EDGE('',*,*,#2350,.T.);
#2423 = ORIENTED_EDGE('',*,*,#2424,.F.);
#2424 = EDGE_CURVE('',#2400,#2351,#2425,.T.);
#2425 = SURFACE_CURVE('',#2426,(#2430,#2437),.PCURVE_S1.);
#2426 = LINE('',#2427,#2428);
#2427 = CARTESIAN_POINT('',(-11.3525492,-88.1677878,60.));
#2428 = VECTOR('',#2429,1.);
#2429 = DIRECTION('',(-0.499999998983,0.866025404372,0.));
#2430 = PCURVE('',#149,#2431);
#2431 = DEFINITIONAL_REPRESENTATION('',(#2432),#2436);
#2432 = LINE('',#2433,#2434);
#2433 = CARTESIAN_POINT('',(-500.,0.));
#2434 = VECTOR('',#2435,1.);
#2435 = DIRECTION('',(0.,1.));
#2436 = ( GEOMETRIC_REPRESENTATION_CONTEXT(2) 
PARAMETRIC_REPRESENTATION_CONTEXT() REPRESENTATION_CONTEXT('2D SPACE',''
  ) );
#2437 = PCURVE('',#1015,#2438);
#2438 = DEFINITIONAL_REPRESENTATION('',(#2439),#2443);
#2439 = LINE('',#2440,#2441);
#2440 = CARTESIAN_POINT('',(-88.1677878,-271.3525492));
#2441 = VECTOR('',#2442,1.);
#2442 = DIRECTION('',(0.866025404372,-0.499999998983));
#2443 = ( GEOMETRIC_REPRESENTATION_CONTEXT(2) 
PARAMETRIC_REPRESENTATION_CONTEXT() REPRESENTATION_CONTEXT('2D SPACE',''
  ) );
#2444 = ADVANCED_FACE('',(#2445),#123,.F.);
#2445 = FACE_BOUND('',#2446,.F.);
#2446 = EDGE_LOOP('',(#2447,#2470,#2471,#2472));
#2447 = ORIENTED_EDGE('',*,*,#2448,.F.);
#2448 = EDGE_CURVE('',#83,#2449,#2451,.T.);
#2449 = VERTEX_POINT('',#2450);
#2450 = CARTESIAN_POINT('',(9.630409,-111.4717238,60.));
#2451 = SURFACE_CURVE('',#2452,(#2456,#2463),.PCURVE_S1.);
#2452 = LINE('',#2453,#2454);
#2453 = CARTESIAN_POINT('',(9.630409,-111.4717238,560.));
#2454 = VECTOR('',#2455,1.);
#2455 = DIRECTION('',(0.,0.,-1.));
#2456 = PCURVE('',#123,#2457);
#2457 = DEFINITIONAL_REPRESENTATION('',(#2458),#2462);
#2458 = LINE('',#2459,#2460);
#2459 = CARTESIAN_POINT('',(0.,0.));
#2460 = VECTOR('',#2461,1.);
#2461 = DIRECTION('',(-1.,0.));
#2462 = ( GEOMETRIC_REPRESENTATION_CONTEXT(2) 
PARAMETRIC_REPRESENTATION_CONTEXT() REPRESENTATION_CONTEXT('2D SPACE',''
  ) );
#2463 = PCURVE('',#97,#2464);
#2464 = DEFINITIONAL_REPRESENTATION('',(#2465),#2469);
#2465 = LINE('',#2466,#2467);
#2466 = CARTESIAN_POINT('',(0.,31.358539049356));
#2467 = VECTOR('',#2468,1.);
#2468 = DIRECTION('',(-1.,0.));
#2469 = ( GEOMETRIC_REPRESENTATION_CONTEXT(2) 
PARAMETRIC_REPRESENTATION_CONTEXT() REPRESENTATION_CONTEXT('2D SPACE',''
  ) );
#2470 = ORIENTED_EDGE('',*,*,#108,.F.);
#2471 = ORIENTED_EDGE('',*,*,#2399,.T.);
#2472 = ORIENTED_EDGE('',*,*,#2473,.F.);
#2473 = EDGE_CURVE('',#2449,#2400,#2474,.T.);
#2474 = SURFACE_CURVE('',#2475,(#2479,#2486),.PCURVE_S1.);
#2475 = LINE('',#2476,#2477);
#2476 = CARTESIAN_POINT('',(9.630409,-111.4717238,60.));
#2477 = VECTOR('',#2478,1.);
#2478 = DIRECTION('',(-0.669130605963,0.743144825834,0.));
#2479 = PCURVE('',#123,#2480);
#2480 = DEFINITIONAL_REPRESENTATION('',(#2481),#2485);
#2481 = LINE('',#2482,#2483);
#2482 = CARTESIAN_POINT('',(-500.,0.));
#2483 = VECTOR('',#2484,1.);
#2484 = DIRECTION('',(0.,1.));
#2485 = ( GEOMETRIC_REPRESENTATION_CONTEXT(2) 
PARAMETRIC_REPRESENTATION_CONTEXT() REPRESENTATION_CONTEXT('2D SPACE',''
  ) );
#2486 = PCURVE('',#1015,#2487);
#2487 = DEFINITIONAL_REPRESENTATION('',(#2488),#2492);
#2488 = LINE('',#2489,#2490);
#2489 = CARTESIAN_POINT('',(-111.4717238,-250.369591));
#2490 = VECTOR('',#2491,1.);
#2491 = DIRECTION('',(0.743144825834,-0.669130605963));
#2492 = ( GEOMETRIC_REPRESENTATION_CONTEXT(2) 
PARAMETRIC_REPRESENTATION_CONTEXT() REPRESENTATION_CONTEXT('2D SPACE',''
  ) );
#2493 = ADVANCED_FACE('',(#2494),#97,.F.);
#2494 = FACE_BOUND('',#2495,.F.);
#2495 = EDGE_LOOP('',(#2496,#2519,#2520,#2521));
#2496 = ORIENTED_EDGE('',*,*,#2497,.F.);
#2497 = EDGE_CURVE('',#57,#2498,#2500,.T.);
#2498 = VERTEX_POINT('',#2499);
#2499 = CARTESIAN_POINT('',(35.,-129.9038106,60.));
#2500 = SURFACE_CURVE('',#2501,(#2505,#2512),.PCURVE_S1.);
#2501 = LINE('',#2502,#2503);
#2502 = CARTESIAN_POINT('',(35.,-129.9038106,560.));
#2503 = VECTOR('',#2504,1.);
#2504 = DIRECTION('',(0.,0.,-1.));
#2505 = PCURVE('',#97,#2506);
#2506 = DEFINITIONAL_REPRESENTATION('',(#2507),#2511);
#2507 = LINE('',#2508,#2509);
#2508 = CARTESIAN_POINT('',(0.,0.));
#2509 = VECTOR('',#2510,1.);
#2510 = DIRECTION('',(-1.,0.));
#2511 = ( GEOMETRIC_REPRESENTATION_CONTEXT(2) 
PARAMETRIC_REPRESENTATION_CONTEXT() REPRESENTATION_CONTEXT('2D SPACE',''
  ) );
#2512 = PCURVE('',#71,#2513);
#2513 = DEFINITIONAL_REPRESENTATION('',(#2514),#2518);
#2514 = LINE('',#2515,#2516);
#2515 = CARTESIAN_POINT('',(0.,31.358538909162));
#2516 = VECTOR('',#2517,1.);
#2517 = DIRECTION('',(-1.,0.));
#2518 = ( GEOMETRIC_REPRESENTATION_CONTEXT(2) 
PARAMETRIC_REPRESENTATION_CONTEXT() REPRESENTATION_CONTEXT('2D SPACE',''
  ) );
#2519 = ORIENTED_EDGE('',*,*,#82,.F.);
#2520 = ORIENTED_EDGE('',*,*,#2448,.T.);
#2521 = ORIENTED_EDGE('',*,*,#2522,.F.);
#2522 = EDGE_CURVE('',#2498,#2449,#2523,.T.);
#2523 = SURFACE_CURVE('',#2524,(#2528,#2535),.PCURVE_S1.);
#2524 = LINE('',#2525,#2526);
#2525 = CARTESIAN_POINT('',(35.,-129.9038106,60.));
#2526 = VECTOR('',#2527,1.);
#2527 = DIRECTION('',(-0.809016994066,0.587785252718,0.));
#2528 = PCURVE('',#97,#2529);
#2529 = DEFINITIONAL_REPRESENTATION('',(#2530),#2534);
#2530 = LINE('',#2531,#2532);
#2531 = CARTESIAN_POINT('',(-500.,0.));
#2532 = VECTOR('',#2533,1.);
#2533 = DIRECTION('',(0.,1.));
#2534 = ( GEOMETRIC_REPRESENTATION_CONTEXT(2) 
PARAMETRIC_REPRESENTATION_CONTEXT() REPRESENTATION_CONTEXT('2D SPACE',''
  ) );
#2535 = PCURVE('',#1015,#2536);
#2536 = DEFINITIONAL_REPRESENTATION('',(#2537),#2541);
#2537 = LINE('',#2538,#2539);
#2538 = CARTESIAN_POINT('',(-129.9038106,-225.));
#2539 = VECTOR('',#2540,1.);
#2540 = DIRECTION('',(0.587785252718,-0.809016994066));
#2541 = ( GEOMETRIC_REPRESENTATION_CONTEXT(2) 
PARAMETRIC_REPRESENTATION_CONTEXT() REPRESENTATION_CONTEXT('2D SPACE',''
  ) );
#2542 = ADVANCED_FACE('',(#2543),#71,.F.);
#2543 = FACE_BOUND('',#2544,.F.);
#2544 = EDGE_LOOP('',(#2545,#2546,#2547,#2568));
#2545 = ORIENTED_EDGE('',*,*,#56,.F.);
#2546 = ORIENTED_EDGE('',*,*,#2497,.T.);
#2547 = ORIENTED_EDGE('',*,*,#2548,.F.);
#2548 = EDGE_CURVE('',#902,#2498,#2549,.T.);
#2549 = SURFACE_CURVE('',#2550,(#2554,#2561),.PCURVE_S1.);
#2550 = LINE('',#2551,#2552);
#2551 = CARTESIAN_POINT('',(63.6474508,-142.6584774,60.));
#2552 = VECTOR('',#2553,1.);
#2553 = DIRECTION('',(-0.913545458319,0.406736641555,0.));
#2554 = PCURVE('',#71,#2555);
#2555 = DEFINITIONAL_REPRESENTATION('',(#2556),#2560);
#2556 = LINE('',#2557,#2558);
#2557 = CARTESIAN_POINT('',(-500.,0.));
#2558 = VECTOR('',#2559,1.);
#2559 = DIRECTION('',(0.,1.));
#2560 = ( GEOMETRIC_REPRESENTATION_CONTEXT(2) 
PARAMETRIC_REPRESENTATION_CONTEXT() REPRESENTATION_CONTEXT('2D SPACE',''
  ) );
#2561 = PCURVE('',#1015,#2562);
#2562 = DEFINITIONAL_REPRESENTATION('',(#2563),#2567);
#2563 = LINE('',#2564,#2565);
#2564 = CARTESIAN_POINT('',(-142.6584774,-196.3525492));
#2565 = VECTOR('',#2566,1.);
#2566 = DIRECTION('',(0.406736641555,-0.913545458319));
#2567 = ( GEOMETRIC_REPRESENTATION_CONTEXT(2) 
PARAMETRIC_REPRESENTATION_CONTEXT() REPRESENTATION_CONTEXT('2D SPACE',''
  ) );
#2568 = ORIENTED_EDGE('',*,*,#901,.F.);
#2569 = ADVANCED_FACE('',(#2570),#1015,.F.);
#2570 = FACE_BOUND('',#2571,.F.);
#2571 = EDGE_LOOP('',(#2572,#2573,#2574,#2575,#2576,#2577,#2578,#2579,
    #2580,#2581,#2582,#2583,#2584,#2585,#2586,#2607,#2633,#2659,#2685,
    #2711,#2737,#2763,#2789,#2815));
#2572 = ORIENTED_EDGE('',*,*,#1002,.F.);
#2573 = ORIENTED_EDGE('',*,*,#2548,.T.);
#2574 = ORIENTED_EDGE('',*,*,#2522,.T.);
#2575 = ORIENTED_EDGE('',*,*,#2473,.T.);
#2576 = ORIENTED_EDGE('',*,*,#2424,.T.);
#2577 = ORIENTED_EDGE('',*,*,#2375,.T.);
#2578 = ORIENTED_EDGE('',*,*,#2326,.T.);
#2579 = ORIENTED_EDGE('',*,*,#2277,.T.);
#2580 = ORIENTED_EDGE('',*,*,#2228,.T.);
#2581 = ORIENTED_EDGE('',*,*,#2179,.T.);
#2582 = ORIENTED_EDGE('',*,*,#2130,.T.);
#2583 = ORIENTED_EDGE('',*,*,#2081,.T.);
#2584 = ORIENTED_EDGE('',*,*,#2032,.T.);
#2585 = ORIENTED_EDGE('',*,*,#1934,.F.);
#2586 = ORIENTED_EDGE('',*,*,#2587,.F.);
#2587 = EDGE_CURVE('',#2588,#1935,#2590,.T.);
#2588 = VERTEX_POINT('',#2589);
#2589 = CARTESIAN_POINT('',(100.369591,111.4717238,60.));
#2590 = SURFACE_CURVE('',#2591,(#2595,#2601),.PCURVE_S1.);
#2591 = LINE('',#2592,#2593);
#2592 = CARTESIAN_POINT('',(166.42850234478,63.477115301165,60.));
#2593 = VECTOR('',#2594,1.);
#2594 = DIRECTION('',(-0.809016994066,0.587785252718,-1.000012013009E-17
    ));
#2595 = PCURVE('',#1015,#2596);
#2596 = DEFINITIONAL_REPRESENTATION('',(#2597),#2600);
#2597 = B_SPLINE_CURVE_WITH_KNOTS('',1,(#2598,#2599),.UNSPECIFIED.,.F.,
  .F.,(2,2),(81.653304973004,113.01184402236),.PIECEWISE_BEZIER_KNOTS.);
#2598 = CARTESIAN_POINT('',(111.4717238,-159.630409));
#2599 = CARTESIAN_POINT('',(129.9038106,-185.));
#2600 = ( GEOMETRIC_REPRESENTATION_CONTEXT(2) 
PARAMETRIC_REPRESENTATION_CONTEXT() REPRESENTATION_CONTEXT('2D SPACE',''
  ) );
#2601 = PCURVE('',#1971,#2602);
#2602 = DEFINITIONAL_REPRESENTATION('',(#2603),#2606);
#2603 = B_SPLINE_CURVE_WITH_KNOTS('',1,(#2604,#2605),.UNSPECIFIED.,.F.,
  .F.,(2,2),(81.653304973004,113.01184402236),.PIECEWISE_BEZIER_KNOTS.);
#2604 = CARTESIAN_POINT('',(-490.,31.358539049356));
#2605 = CARTESIAN_POINT('',(-490.,0.));
#2606 = ( GEOMETRIC_REPRESENTATION_CONTEXT(2) 
PARAMETRIC_REPRESENTATION_CONTEXT() REPRESENTATION_CONTEXT('2D SPACE',''
  ) );
#2607 = ORIENTED_EDGE('',*,*,#2608,.F.);
#2608 = EDGE_CURVE('',#2609,#2588,#2611,.T.);
#2609 = VERTEX_POINT('',#2610);
#2610 = CARTESIAN_POINT('',(121.3525492,88.1677878,60.));
#2611 = SURFACE_CURVE('',#2612,(#2616,#2622),.PCURVE_S1.);
#2612 = LINE('',#2613,#2614);
#2613 = CARTESIAN_POINT('',(163.82098037715,41.001816599013,60.));
#2614 = VECTOR('',#2615,1.);
#2615 = DIRECTION('',(-0.669130605963,0.743144825834,-8.271008509631E-18
    ));
#2616 = PCURVE('',#1015,#2617);
#2617 = DEFINITIONAL_REPRESENTATION('',(#2618),#2621);
#2618 = B_SPLINE_CURVE_WITH_KNOTS('',1,(#2619,#2620),.UNSPECIFIED.,.F.,
  .F.,(2,2),(63.468074541305,94.82661353653),.PIECEWISE_BEZIER_KNOTS.);
#2619 = CARTESIAN_POINT('',(88.1677878,-138.6474508));
#2620 = CARTESIAN_POINT('',(111.4717238,-159.630409));
#2621 = ( GEOMETRIC_REPRESENTATION_CONTEXT(2) 
PARAMETRIC_REPRESENTATION_CONTEXT() REPRESENTATION_CONTEXT('2D SPACE',''
  ) );
#2622 = PCURVE('',#2623,#2628);
#2623 = PLANE('',#2624);
#2624 = AXIS2_PLACEMENT_3D('',#2625,#2626,#2627);
#2625 = CARTESIAN_POINT('',(100.369591,111.4717238,550.));
#2626 = DIRECTION('',(0.743144825834,0.669130605963,0.));
#2627 = DIRECTION('',(0.,-0.,1.));
#2628 = DEFINITIONAL_REPRESENTATION('',(#2629),#2632);
#2629 = B_SPLINE_CURVE_WITH_KNOTS('',1,(#2630,#2631),.UNSPECIFIED.,.F.,
  .F.,(2,2),(63.468074541305,94.82661353653),.PIECEWISE_BEZIER_KNOTS.);
#2630 = CARTESIAN_POINT('',(-490.,31.358538995225));
#2631 = CARTESIAN_POINT('',(-490.,0.));
#2632 = ( GEOMETRIC_REPRESENTATION_CONTEXT(2) 
PARAMETRIC_REPRESENTATION_CONTEXT() REPRESENTATION_CONTEXT('2D SPACE',''
  ) );
#2633 = ORIENTED_EDGE('',*,*,#2634,.F.);
#2634 = EDGE_CURVE('',#2635,#2609,#2637,.T.);
#2635 = VERTEX_POINT('',#2636);
#2636 = CARTESIAN_POINT('',(137.0318186,61.0104965,60.));
#2637 = SURFACE_CURVE('',#2638,(#2642,#2648),.PCURVE_S1.);
#2638 = LINE('',#2639,#2640);
#2639 = CARTESIAN_POINT('',(157.77236646119,25.086813730183,60.));
#2640 = VECTOR('',#2641,1.);
#2641 = DIRECTION('',(-0.499999998983,0.866025404372,-6.180414121771E-18
    ));
#2642 = PCURVE('',#1015,#2643);
#2643 = DEFINITIONAL_REPRESENTATION('',(#2644),#2647);
#2644 = B_SPLINE_CURVE_WITH_KNOTS('',1,(#2645,#2646),.UNSPECIFIED.,.F.,
  .F.,(2,2),(41.481095806752,72.839634670527),.PIECEWISE_BEZIER_KNOTS.);
#2645 = CARTESIAN_POINT('',(61.0104965,-122.9681814));
#2646 = CARTESIAN_POINT('',(88.1677878,-138.6474508));
#2647 = ( GEOMETRIC_REPRESENTATION_CONTEXT(2) 
PARAMETRIC_REPRESENTATION_CONTEXT() REPRESENTATION_CONTEXT('2D SPACE',''
  ) );
#2648 = PCURVE('',#2649,#2654);
#2649 = PLANE('',#2650);
#2650 = AXIS2_PLACEMENT_3D('',#2651,#2652,#2653);
#2651 = CARTESIAN_POINT('',(121.3525492,88.1677878,550.));
#2652 = DIRECTION('',(0.866025404372,0.499999998983,0.));
#2653 = DIRECTION('',(0.,-0.,1.));
#2654 = DEFINITIONAL_REPRESENTATION('',(#2655),#2658);
#2655 = B_SPLINE_CURVE_WITH_KNOTS('',1,(#2656,#2657),.UNSPECIFIED.,.F.,
  .F.,(2,2),(41.481095806752,72.839634670527),.PIECEWISE_BEZIER_KNOTS.);
#2656 = CARTESIAN_POINT('',(-490.,31.358538863774));
#2657 = CARTESIAN_POINT('',(-490.,0.));
#2658 = ( GEOMETRIC_REPRESENTATION_CONTEXT(2) 
PARAMETRIC_REPRESENTATION_CONTEXT() REPRESENTATION_CONTEXT('2D SPACE',''
  ) );
#2659 = ORIENTED_EDGE('',*,*,#2660,.F.);
#2660 = EDGE_CURVE('',#2661,#2635,#2663,.T.);
#2661 = VERTEX_POINT('',#2662);
#2662 = CARTESIAN_POINT('',(146.7221401,31.1867536,60.));
#2663 = SURFACE_CURVE('',#2664,(#2668,#2674),.PCURVE_S1.);
#2664 = LINE('',#2665,#2666);
#2665 = CARTESIAN_POINT('',(151.86829436969,15.348519351199,60.));
#2666 = VECTOR('',#2667,1.);
#2667 = DIRECTION('',(-0.309016994848,0.951056516141,-3.819706005421E-18
    ));
#2668 = PCURVE('',#1015,#2669);
#2669 = DEFINITIONAL_REPRESENTATION('',(#2670),#2673);
#2670 = B_SPLINE_CURVE_WITH_KNOTS('',1,(#2671,#2672),.UNSPECIFIED.,.F.,
  .F.,(2,2),(16.653305013943,48.011844063756),.PIECEWISE_BEZIER_KNOTS.);
#2671 = CARTESIAN_POINT('',(31.1867536,-113.2778599));
#2672 = CARTESIAN_POINT('',(61.0104965,-122.9681814));
#2673 = ( GEOMETRIC_REPRESENTATION_CONTEXT(2) 
PARAMETRIC_REPRESENTATION_CONTEXT() REPRESENTATION_CONTEXT('2D SPACE',''
  ) );
#2674 = PCURVE('',#2675,#2680);
#2675 = PLANE('',#2676);
#2676 = AXIS2_PLACEMENT_3D('',#2677,#2678,#2679);
#2677 = CARTESIAN_POINT('',(137.0318186,61.0104965,550.));
#2678 = DIRECTION('',(0.951056516141,0.309016994848,0.));
#2679 = DIRECTION('',(0.,-0.,1.));
#2680 = DEFINITIONAL_REPRESENTATION('',(#2681),#2684);
#2681 = B_SPLINE_CURVE_WITH_KNOTS('',1,(#2682,#2683),.UNSPECIFIED.,.F.,
  .F.,(2,2),(16.653305013943,48.011844063756),.PIECEWISE_BEZIER_KNOTS.);
#2682 = CARTESIAN_POINT('',(-490.,31.358539049813));
#2683 = CARTESIAN_POINT('',(-490.,0.));
#2684 = ( GEOMETRIC_REPRESENTATION_CONTEXT(2) 
PARAMETRIC_REPRESENTATION_CONTEXT() REPRESENTATION_CONTEXT('2D SPACE',''
  ) );
#2685 = ORIENTED_EDGE('',*,*,#2686,.F.);
#2686 = EDGE_CURVE('',#2687,#2661,#2689,.T.);
#2687 = VERTEX_POINT('',#2688);
#2688 = CARTESIAN_POINT('',(150.,0.,60.));
#2689 = SURFACE_CURVE('',#2690,(#2694,#2700),.PCURVE_S1.);
#2690 = LINE('',#2691,#2692);
#2691 = CARTESIAN_POINT('',(148.96201103433,9.875805281265,60.));
#2692 = VECTOR('',#2693,1.);
#2693 = DIRECTION('',(-0.10452846366,0.994521895327,-1.292058388496E-18)
  );
#2694 = PCURVE('',#1015,#2695);
#2695 = DEFINITIONAL_REPRESENTATION('',(#2696),#2699);
#2696 = B_SPLINE_CURVE_WITH_KNOTS('',1,(#2697,#2698),.UNSPECIFIED.,.F.,
  .F.,(2,2),(-9.930203978081,21.428334980728),.PIECEWISE_BEZIER_KNOTS.);
#2697 = CARTESIAN_POINT('',(-3.552713678801E-15,-110.));
#2698 = CARTESIAN_POINT('',(31.1867536,-113.2778599));
#2699 = ( GEOMETRIC_REPRESENTATION_CONTEXT(2) 
PARAMETRIC_REPRESENTATION_CONTEXT() REPRESENTATION_CONTEXT('2D SPACE',''
  ) );
#2700 = PCURVE('',#2701,#2706);
#2701 = PLANE('',#2702);
#2702 = AXIS2_PLACEMENT_3D('',#2703,#2704,#2705);
#2703 = CARTESIAN_POINT('',(146.7221401,31.1867536,550.));
#2704 = DIRECTION('',(0.994521895327,0.10452846366,0.));
#2705 = DIRECTION('',(0.,-0.,1.));
#2706 = DEFINITIONAL_REPRESENTATION('',(#2707),#2710);
#2707 = B_SPLINE_CURVE_WITH_KNOTS('',1,(#2708,#2709),.UNSPECIFIED.,.F.,
  .F.,(2,2),(-9.930203978081,21.428334980728),.PIECEWISE_BEZIER_KNOTS.);
#2708 = CARTESIAN_POINT('',(-490.,31.358538958809));
#2709 = CARTESIAN_POINT('',(-490.,0.));
#2710 = ( GEOMETRIC_REPRESENTATION_CONTEXT(2) 
PARAMETRIC_REPRESENTATION_CONTEXT() REPRESENTATION_CONTEXT('2D SPACE',''
  ) );
#2711 = ORIENTED_EDGE('',*,*,#2712,.F.);
#2712 = EDGE_CURVE('',#2713,#2687,#2715,.T.);
#2713 = VERTEX_POINT('',#2714);
#2714 = CARTESIAN_POINT('',(146.7221401,-31.1867536,60.));
#2715 = SURFACE_CURVE('',#2716,(#2720,#2726),.PCURVE_S1.);
#2716 = LINE('',#2717,#2718);
#2717 = CARTESIAN_POINT('',(150.60094098433,5.717571518735,60.));
#2718 = VECTOR('',#2719,1.);
#2719 = DIRECTION('',(0.10452846366,0.994521895327,1.292058388496E-18));
#2720 = PCURVE('',#1015,#2721);
#2721 = DEFINITIONAL_REPRESENTATION('',(#2722),#2725);
#2722 = B_SPLINE_CURVE_WITH_KNOTS('',1,(#2723,#2724),.UNSPECIFIED.,.F.,
  .F.,(2,2),(-37.10760446013,-5.749065501324),.PIECEWISE_BEZIER_KNOTS.);
#2723 = CARTESIAN_POINT('',(-31.1867536,-113.2778599));
#2724 = CARTESIAN_POINT('',(0.,-110.));
#2725 = ( GEOMETRIC_REPRESENTATION_CONTEXT(2) 
PARAMETRIC_REPRESENTATION_CONTEXT() REPRESENTATION_CONTEXT('2D SPACE',''
  ) );
#2726 = PCURVE('',#2727,#2732);
#2727 = PLANE('',#2728);
#2728 = AXIS2_PLACEMENT_3D('',#2729,#2730,#2731);
#2729 = CARTESIAN_POINT('',(150.,0.,550.));
#2730 = DIRECTION('',(0.994521895327,-0.10452846366,0.));
#2731 = DIRECTION('',(0.,0.,1.));
#2732 = DEFINITIONAL_REPRESENTATION('',(#2733),#2736);
#2733 = B_SPLINE_CURVE_WITH_KNOTS('',1,(#2734,#2735),.UNSPECIFIED.,.F.,
  .F.,(2,2),(-37.10760446013,-5.749065501324),.PIECEWISE_BEZIER_KNOTS.);
#2734 = CARTESIAN_POINT('',(-490.,31.358538958809));
#2735 = CARTESIAN_POINT('',(-490.,0.));
#2736 = ( GEOMETRIC_REPRESENTATION_CONTEXT(2) 
PARAMETRIC_REPRESENTATION_CONTEXT() REPRESENTATION_CONTEXT('2D SPACE',''
  ) );
#2737 = ORIENTED_EDGE('',*,*,#2738,.F.);
#2738 = EDGE_CURVE('',#2739,#2713,#2741,.T.);
#2739 = VERTEX_POINT('',#2740);
#2740 = CARTESIAN_POINT('',(137.0318186,-61.0104965,60.));
#2741 = SURFACE_CURVE('',#2742,(#2746,#2752),.PCURVE_S1.);
#2742 = LINE('',#2743,#2744);
#2743 = CARTESIAN_POINT('',(156.71345511969,-0.436647901199,60.));
#2744 = VECTOR('',#2745,1.);
#2745 = DIRECTION('',(0.309016994848,0.951056516141,3.819706005421E-18)
  );
#2746 = PCURVE('',#1015,#2747);
#2747 = DEFINITIONAL_REPRESENTATION('',(#2748),#2751);
#2748 = B_SPLINE_CURVE_WITH_KNOTS('',1,(#2749,#2750),.UNSPECIFIED.,.F.,
  .F.,(2,2),(-63.69111358866,-32.33257453884),.PIECEWISE_BEZIER_KNOTS.);
#2749 = CARTESIAN_POINT('',(-61.0104965,-122.9681814));
#2750 = CARTESIAN_POINT('',(-31.1867536,-113.2778599));
#2751 = ( GEOMETRIC_REPRESENTATION_CONTEXT(2) 
PARAMETRIC_REPRESENTATION_CONTEXT() REPRESENTATION_CONTEXT('2D SPACE',''
  ) );
#2752 = PCURVE('',#2753,#2758);
#2753 = PLANE('',#2754);
#2754 = AXIS2_PLACEMENT_3D('',#2755,#2756,#2757);
#2755 = CARTESIAN_POINT('',(146.7221401,-31.1867536,550.));
#2756 = DIRECTION('',(0.951056516141,-0.309016994848,0.));
#2757 = DIRECTION('',(0.,0.,1.));
#2758 = DEFINITIONAL_REPRESENTATION('',(#2759),#2762);
#2759 = B_SPLINE_CURVE_WITH_KNOTS('',1,(#2760,#2761),.UNSPECIFIED.,.F.,
  .F.,(2,2),(-63.69111358866,-32.33257453884),.PIECEWISE_BEZIER_KNOTS.);
#2760 = CARTESIAN_POINT('',(-490.,31.358539049813));
#2761 = CARTESIAN_POINT('',(-490.,0.));
#2762 = ( GEOMETRIC_REPRESENTATION_CONTEXT(2) 
PARAMETRIC_REPRESENTATION_CONTEXT() REPRESENTATION_CONTEXT('2D SPACE',''
  ) );
#2763 = ORIENTED_EDGE('',*,*,#2764,.F.);
#2764 = EDGE_CURVE('',#2765,#2739,#2767,.T.);
#2765 = VERTEX_POINT('',#2766);
#2766 = CARTESIAN_POINT('',(121.3525492,-88.1677878,60.));
#2767 = SURFACE_CURVE('',#2768,(#2772,#2778),.PCURVE_S1.);
#2768 = LINE('',#2769,#2770);
#2769 = CARTESIAN_POINT('',(165.61200116119,-11.50816808018,60.));
#2770 = VECTOR('',#2771,1.);
#2771 = DIRECTION('',(0.499999998983,0.866025404372,6.180414121771E-18)
  );
#2772 = PCURVE('',#1015,#2773);
#2773 = DEFINITIONAL_REPRESENTATION('',(#2774),#2777);
#2774 = B_SPLINE_CURVE_WITH_KNOTS('',1,(#2775,#2776),.UNSPECIFIED.,.F.,
  .F.,(2,2),(-88.51890410241,-57.16036523863),.PIECEWISE_BEZIER_KNOTS.);
#2775 = CARTESIAN_POINT('',(-88.1677878,-138.6474508));
#2776 = CARTESIAN_POINT('',(-61.0104965,-122.9681814));
#2777 = ( GEOMETRIC_REPRESENTATION_CONTEXT(2) 
PARAMETRIC_REPRESENTATION_CONTEXT() REPRESENTATION_CONTEXT('2D SPACE',''
  ) );
#2778 = PCURVE('',#2779,#2784);
#2779 = PLANE('',#2780);
#2780 = AXIS2_PLACEMENT_3D('',#2781,#2782,#2783);
#2781 = CARTESIAN_POINT('',(137.0318186,-61.0104965,550.));
#2782 = DIRECTION('',(0.866025404372,-0.499999998983,0.));
#2783 = DIRECTION('',(0.,0.,1.));
#2784 = DEFINITIONAL_REPRESENTATION('',(#2785),#2788);
#2785 = B_SPLINE_CURVE_WITH_KNOTS('',1,(#2786,#2787),.UNSPECIFIED.,.F.,
  .F.,(2,2),(-88.51890410241,-57.16036523863),.PIECEWISE_BEZIER_KNOTS.);
#2786 = CARTESIAN_POINT('',(-490.,31.358538863774));
#2787 = CARTESIAN_POINT('',(-490.,0.));
#2788 = ( GEOMETRIC_REPRESENTATION_CONTEXT(2) 
PARAMETRIC_REPRESENTATION_CONTEXT() REPRESENTATION_CONTEXT('2D SPACE',''
  ) );
#2789 = ORIENTED_EDGE('',*,*,#2790,.F.);
#2790 = EDGE_CURVE('',#2791,#2765,#2793,.T.);
#2791 = VERTEX_POINT('',#2792);
#2792 = CARTESIAN_POINT('',(100.369591,-111.4717238,60.));
#2793 = SURFACE_CURVE('',#2794,(#2798,#2804),.PCURVE_S1.);
#2794 = LINE('',#2795,#2796);
#2795 = CARTESIAN_POINT('',(174.31245947715,-29.34984859901,60.));
#2796 = VECTOR('',#2797,1.);
#2797 = DIRECTION('',(0.669130605963,0.743144825834,8.271008509631E-18)
  );
#2798 = PCURVE('',#1015,#2799);
#2799 = DEFINITIONAL_REPRESENTATION('',(#2800),#2803);
#2800 = B_SPLINE_CURVE_WITH_KNOTS('',1,(#2801,#2802),.UNSPECIFIED.,.F.,
  .F.,(2,2),(-110.5058830341,-79.14734403891),.PIECEWISE_BEZIER_KNOTS.);
#2801 = CARTESIAN_POINT('',(-111.4717238,-159.630409));
#2802 = CARTESIAN_POINT('',(-88.1677878,-138.6474508));
#2803 = ( GEOMETRIC_REPRESENTATION_CONTEXT(2) 
PARAMETRIC_REPRESENTATION_CONTEXT() REPRESENTATION_CONTEXT('2D SPACE',''
  ) );
#2804 = PCURVE('',#2805,#2810);
#2805 = PLANE('',#2806);
#2806 = AXIS2_PLACEMENT_3D('',#2807,#2808,#2809);
#2807 = CARTESIAN_POINT('',(121.3525492,-88.1677878,550.));
#2808 = DIRECTION('',(0.743144825834,-0.669130605963,0.));
#2809 = DIRECTION('',(0.,0.,1.));
#2810 = DEFINITIONAL_REPRESENTATION('',(#2811),#2814);
#2811 = B_SPLINE_CURVE_WITH_KNOTS('',1,(#2812,#2813),.UNSPECIFIED.,.F.,
  .F.,(2,2),(-110.5058830341,-79.14734403891),.PIECEWISE_BEZIER_KNOTS.);
#2812 = CARTESIAN_POINT('',(-490.,31.358538995225));
#2813 = CARTESIAN_POINT('',(-490.,0.));
#2814 = ( GEOMETRIC_REPRESENTATION_CONTEXT(2) 
PARAMETRIC_REPRESENTATION_CONTEXT() REPRESENTATION_CONTEXT('2D SPACE',''
  ) );
#2815 = ORIENTED_EDGE('',*,*,#2816,.F.);
#2816 = EDGE_CURVE('',#975,#2791,#2817,.T.);
#2817 = SURFACE_CURVE('',#2818,(#2822,#2828),.PCURVE_S1.);
#2818 = LINE('',#2819,#2820);
#2819 = CARTESIAN_POINT('',(179.11329784478,-54.26107190116,60.));
#2820 = VECTOR('',#2821,1.);
#2821 = DIRECTION('',(0.809016994066,0.587785252718,1.000012013009E-17)
  );
#2822 = PCURVE('',#1015,#2823);
#2823 = DEFINITIONAL_REPRESENTATION('',(#2824),#2827);
#2824 = B_SPLINE_CURVE_WITH_KNOTS('',1,(#2825,#2826),.UNSPECIFIED.,.F.,
  .F.,(2,2),(-128.691113547,-97.33257449768),.PIECEWISE_BEZIER_KNOTS.);
#2825 = CARTESIAN_POINT('',(-129.9038106,-185.));
#2826 = CARTESIAN_POINT('',(-111.4717238,-159.630409));
#2827 = ( GEOMETRIC_REPRESENTATION_CONTEXT(2) 
PARAMETRIC_REPRESENTATION_CONTEXT() REPRESENTATION_CONTEXT('2D SPACE',''
  ) );
#2828 = PCURVE('',#990,#2829);
#2829 = DEFINITIONAL_REPRESENTATION('',(#2830),#2833);
#2830 = B_SPLINE_CURVE_WITH_KNOTS('',1,(#2831,#2832),.UNSPECIFIED.,.F.,
  .F.,(2,2),(-128.691113547,-97.33257449768),.PIECEWISE_BEZIER_KNOTS.);
#2831 = CARTESIAN_POINT('',(-490.,31.358539049356));
#2832 = CARTESIAN_POINT('',(-490.,0.));
#2833 = ( GEOMETRIC_REPRESENTATION_CONTEXT(2) 
PARAMETRIC_REPRESENTATION_CONTEXT() REPRESENTATION_CONTEXT('2D SPACE',''
  ) );
#2834 = ADVANCED_FACE('',(#2835),#990,.T.);
#2835 = FACE_BOUND('',#2836,.T.);
#2836 = EDGE_LOOP('',(#2837,#2860,#2861,#2862));
#2837 = ORIENTED_EDGE('',*,*,#2838,.F.);
#2838 = EDGE_CURVE('',#2791,#2839,#2841,.T.);
#2839 = VERTEX_POINT('',#2840);
#2840 = CARTESIAN_POINT('',(100.369591,-111.4717238,0.));
#2841 = SURFACE_CURVE('',#2842,(#2846,#2853),.PCURVE_S1.);
#2842 = LINE('',#2843,#2844);
#2843 = CARTESIAN_POINT('',(100.369591,-111.4717238,550.));
#2844 = VECTOR('',#2845,1.);
#2845 = DIRECTION('',(0.,0.,-1.));
#2846 = PCURVE('',#990,#2847);
#2847 = DEFINITIONAL_REPRESENTATION('',(#2848),#2852);
#2848 = LINE('',#2849,#2850);
#2849 = CARTESIAN_POINT('',(0.,0.));
#2850 = VECTOR('',#2851,1.);
#2851 = DIRECTION('',(-1.,-0.));
#2852 = ( GEOMETRIC_REPRESENTATION_CONTEXT(2) 
PARAMETRIC_REPRESENTATION_CONTEXT() REPRESENTATION_CONTEXT('2D SPACE',''
  ) );
#2853 = PCURVE('',#2805,#2854);
#2854 = DEFINITIONAL_REPRESENTATION('',(#2855),#2859);
#2855 = LINE('',#2856,#2857);
#2856 = CARTESIAN_POINT('',(0.,31.358538995225));
#2857 = VECTOR('',#2858,1.);
#2858 = DIRECTION('',(-1.,-0.));
#2859 = ( GEOMETRIC_REPRESENTATION_CONTEXT(2) 
PARAMETRIC_REPRESENTATION_CONTEXT() REPRESENTATION_CONTEXT('2D SPACE',''
  ) );
#2860 = ORIENTED_EDGE('',*,*,#2816,.F.);
#2861 = ORIENTED_EDGE('',*,*,#974,.T.);
#2862 = ORIENTED_EDGE('',*,*,#2863,.F.);
#2863 = EDGE_CURVE('',#2839,#947,#2864,.T.);
#2864 = SURFACE_CURVE('',#2865,(#2869,#2876),.PCURVE_S1.);
#2865 = LINE('',#2866,#2867);
#2866 = CARTESIAN_POINT('',(100.369591,-111.4717238,0.));
#2867 = VECTOR('',#2868,1.);
#2868 = DIRECTION('',(-0.809016994066,-0.587785252718,0.));
#2869 = PCURVE('',#990,#2870);
#2870 = DEFINITIONAL_REPRESENTATION('',(#2871),#2875);
#2871 = LINE('',#2872,#2873);
#2872 = CARTESIAN_POINT('',(-550.,-0.));
#2873 = VECTOR('',#2874,1.);
#2874 = DIRECTION('',(0.,1.));
#2875 = ( GEOMETRIC_REPRESENTATION_CONTEXT(2) 
PARAMETRIC_REPRESENTATION_CONTEXT() REPRESENTATION_CONTEXT('2D SPACE',''
  ) );
#2876 = PCURVE('',#962,#2877);
#2877 = DEFINITIONAL_REPRESENTATION('',(#2878),#2882);
#2878 = LINE('',#2879,#2880);
#2879 = CARTESIAN_POINT('',(-49.630409,111.4717238));
#2880 = VECTOR('',#2881,1.);
#2881 = DIRECTION('',(-0.809016994066,0.587785252718));
#2882 = ( GEOMETRIC_REPRESENTATION_CONTEXT(2) 
PARAMETRIC_REPRESENTATION_CONTEXT() REPRESENTATION_CONTEXT('2D SPACE',''
  ) );
#2883 = ADVANCED_FACE('',(#2884),#962,.T.);
#2884 = FACE_BOUND('',#2885,.T.);
#2885 = EDGE_LOOP('',(#2886,#2911,#2934,#2957,#2978,#2979,#2980,#2981,
    #2982,#2983,#2984,#2985,#2986,#2987,#2988,#2989,#2990,#2991,#2992,
    #2993,#2994,#2995,#2996,#2997,#2998,#2999,#3022,#3045,#3068,#3091));
#2886 = ORIENTED_EDGE('',*,*,#2887,.T.);
#2887 = EDGE_CURVE('',#2888,#2890,#2892,.T.);
#2888 = VERTEX_POINT('',#2889);
#2889 = CARTESIAN_POINT('',(150.,0.,0.));
#2890 = VERTEX_POINT('',#2891);
#2891 = CARTESIAN_POINT('',(146.7221401,-31.1867536,0.));
#2892 = SURFACE_CURVE('',#2893,(#2897,#2904),.PCURVE_S1.);
#2893 = LINE('',#2894,#2895);
#2894 = CARTESIAN_POINT('',(150.,0.,0.));
#2895 = VECTOR('',#2896,1.);
#2896 = DIRECTION('',(-0.10452846366,-0.994521895327,0.));
#2897 = PCURVE('',#962,#2898);
#2898 = DEFINITIONAL_REPRESENTATION('',(#2899),#2903);
#2899 = LINE('',#2900,#2901);
#2900 = CARTESIAN_POINT('',(0.,0.));
#2901 = VECTOR('',#2902,1.);
#2902 = DIRECTION('',(-0.10452846366,0.994521895327));
#2903 = ( GEOMETRIC_REPRESENTATION_CONTEXT(2) 
PARAMETRIC_REPRESENTATION_CONTEXT() REPRESENTATION_CONTEXT('2D SPACE',''
  ) );
#2904 = PCURVE('',#2727,#2905);
#2905 = DEFINITIONAL_REPRESENTATION('',(#2906),#2910);
#2906 = LINE('',#2907,#2908);
#2907 = CARTESIAN_POINT('',(-550.,-0.));
#2908 = VECTOR('',#2909,1.);
#2909 = DIRECTION('',(0.,1.));
#2910 = ( GEOMETRIC_REPRESENTATION_CONTEXT(2) 
PARAMETRIC_REPRESENTATION_CONTEXT() REPRESENTATION_CONTEXT('2D SPACE',''
  ) );
#2911 = ORIENTED_EDGE('',*,*,#2912,.T.);
#2912 = EDGE_CURVE('',#2890,#2913,#2915,.T.);
#2913 = VERTEX_POINT('',#2914);
#2914 = CARTESIAN_POINT('',(137.0318186,-61.0104965,0.));
#2915 = SURFACE_CURVE('',#2916,(#2920,#2927),.PCURVE_S1.);
#2916 = LINE('',#2917,#2918);
#2917 = CARTESIAN_POINT('',(146.7221401,-31.1867536,0.));
#2918 = VECTOR('',#2919,1.);
#2919 = DIRECTION('',(-0.309016994848,-0.951056516141,0.));
#2920 = PCURVE('',#962,#2921);
#2921 = DEFINITIONAL_REPRESENTATION('',(#2922),#2926);
#2922 = LINE('',#2923,#2924);
#2923 = CARTESIAN_POINT('',(-3.2778599,31.1867536));
#2924 = VECTOR('',#2925,1.);
#2925 = DIRECTION('',(-0.309016994848,0.951056516141));
#2926 = ( GEOMETRIC_REPRESENTATION_CONTEXT(2) 
PARAMETRIC_REPRESENTATION_CONTEXT() REPRESENTATION_CONTEXT('2D SPACE',''
  ) );
#2927 = PCURVE('',#2753,#2928);
#2928 = DEFINITIONAL_REPRESENTATION('',(#2929),#2933);
#2929 = LINE('',#2930,#2931);
#2930 = CARTESIAN_POINT('',(-550.,-0.));
#2931 = VECTOR('',#2932,1.);
#2932 = DIRECTION('',(0.,1.));
#2933 = ( GEOMETRIC_REPRESENTATION_CONTEXT(2) 
PARAMETRIC_REPRESENTATION_CONTEXT() REPRESENTATION_CONTEXT('2D SPACE',''
  ) );
#2934 = ORIENTED_EDGE('',*,*,#2935,.T.);
#2935 = EDGE_CURVE('',#2913,#2936,#2938,.T.);
#2936 = VERTEX_POINT('',#2937);
#2937 = CARTESIAN_POINT('',(121.3525492,-88.1677878,0.));
#2938 = SURFACE_CURVE('',#2939,(#2943,#2950),.PCURVE_S1.);
#2939 = LINE('',#2940,#2941);
#2940 = CARTESIAN_POINT('',(137.0318186,-61.0104965,0.));
#2941 = VECTOR('',#2942,1.);
#2942 = DIRECTION('',(-0.499999998983,-0.866025404372,0.));
#2943 = PCURVE('',#962,#2944);
#2944 = DEFINITIONAL_REPRESENTATION('',(#2945),#2949);
#2945 = LINE('',#2946,#2947);
#2946 = CARTESIAN_POINT('',(-12.9681814,61.0104965));
#2947 = VECTOR('',#2948,1.);
#2948 = DIRECTION('',(-0.499999998983,0.866025404372));
#2949 = ( GEOMETRIC_REPRESENTATION_CONTEXT(2) 
PARAMETRIC_REPRESENTATION_CONTEXT() REPRESENTATION_CONTEXT('2D SPACE',''
  ) );
#2950 = PCURVE('',#2779,#2951);
#2951 = DEFINITIONAL_REPRESENTATION('',(#2952),#2956);
#2952 = LINE('',#2953,#2954);
#2953 = CARTESIAN_POINT('',(-550.,-0.));
#2954 = VECTOR('',#2955,1.);
#2955 = DIRECTION('',(0.,1.));
#2956 = ( GEOMETRIC_REPRESENTATION_CONTEXT(2) 
PARAMETRIC_REPRESENTATION_CONTEXT() REPRESENTATION_CONTEXT('2D SPACE',''
  ) );
#2957 = ORIENTED_EDGE('',*,*,#2958,.T.);
#2958 = EDGE_CURVE('',#2936,#2839,#2959,.T.);
#2959 = SURFACE_CURVE('',#2960,(#2964,#2971),.PCURVE_S1.);
#2960 = LINE('',#2961,#2962);
#2961 = CARTESIAN_POINT('',(121.3525492,-88.1677878,0.));
#2962 = VECTOR('',#2963,1.);
#2963 = DIRECTION('',(-0.669130605963,-0.743144825834,0.));
#2964 = PCURVE('',#962,#2965);
#2965 = DEFINITIONAL_REPRESENTATION('',(#2966),#2970);
#2966 = LINE('',#2967,#2968);
#2967 = CARTESIAN_POINT('',(-28.6474508,88.1677878));
#2968 = VECTOR('',#2969,1.);
#2969 = DIRECTION('',(-0.669130605963,0.743144825834));
#2970 = ( GEOMETRIC_REPRESENTATION_CONTEXT(2) 
PARAMETRIC_REPRESENTATION_CONTEXT() REPRESENTATION_CONTEXT('2D SPACE',''
  ) );
#2971 = PCURVE('',#2805,#2972);
#2972 = DEFINITIONAL_REPRESENTATION('',(#2973),#2977);
#2973 = LINE('',#2974,#2975);
#2974 = CARTESIAN_POINT('',(-550.,-0.));
#2975 = VECTOR('',#2976,1.);
#2976 = DIRECTION('',(0.,1.));
#2977 = ( GEOMETRIC_REPRESENTATION_CONTEXT(2) 
PARAMETRIC_REPRESENTATION_CONTEXT() REPRESENTATION_CONTEXT('2D SPACE',''
  ) );
#2978 = ORIENTED_EDGE('',*,*,#2863,.T.);
#2979 = ORIENTED_EDGE('',*,*,#946,.T.);
#2980 = ORIENTED_EDGE('',*,*,#1053,.T.);
#2981 = ORIENTED_EDGE('',*,*,#1102,.T.);
#2982 = ORIENTED_EDGE('',*,*,#1151,.T.);
#2983 = ORIENTED_EDGE('',*,*,#1200,.T.);
#2984 = ORIENTED_EDGE('',*,*,#1249,.T.);
#2985 = ORIENTED_EDGE('',*,*,#1298,.T.);
#2986 = ORIENTED_EDGE('',*,*,#1347,.T.);
#2987 = ORIENTED_EDGE('',*,*,#1396,.T.);
#2988 = ORIENTED_EDGE('',*,*,#1445,.T.);
#2989 = ORIENTED_EDGE('',*,*,#1494,.T.);
#2990 = ORIENTED_EDGE('',*,*,#1543,.T.);
#2991 = ORIENTED_EDGE('',*,*,#1592,.T.);
#2992 = ORIENTED_EDGE('',*,*,#1641,.T.);
#2993 = ORIENTED_EDGE('',*,*,#1690,.T.);
#2994 = ORIENTED_EDGE('',*,*,#1739,.T.);
#2995 = ORIENTED_EDGE('',*,*,#1788,.T.);
#2996 = ORIENTED_EDGE('',*,*,#1837,.T.);
#2997 = ORIENTED_EDGE('',*,*,#1886,.T.);
#2998 = ORIENTED_EDGE('',*,*,#1983,.T.);
#2999 = ORIENTED_EDGE('',*,*,#3000,.T.);
#3000 = EDGE_CURVE('',#1956,#3001,#3003,.T.);
#3001 = VERTEX_POINT('',#3002);
#3002 = CARTESIAN_POINT('',(100.369591,111.4717238,0.));
#3003 = SURFACE_CURVE('',#3004,(#3008,#3015),.PCURVE_S1.);
#3004 = LINE('',#3005,#3006);
#3005 = CARTESIAN_POINT('',(75.,129.9038106,0.));
#3006 = VECTOR('',#3007,1.);
#3007 = DIRECTION('',(0.809016994066,-0.587785252718,0.));
#3008 = PCURVE('',#962,#3009);
#3009 = DEFINITIONAL_REPRESENTATION('',(#3010),#3014);
#3010 = LINE('',#3011,#3012);
#3011 = CARTESIAN_POINT('',(-75.,-129.9038106));
#3012 = VECTOR('',#3013,1.);
#3013 = DIRECTION('',(0.809016994066,0.587785252718));
#3014 = ( GEOMETRIC_REPRESENTATION_CONTEXT(2) 
PARAMETRIC_REPRESENTATION_CONTEXT() REPRESENTATION_CONTEXT('2D SPACE',''
  ) );
#3015 = PCURVE('',#1971,#3016);
#3016 = DEFINITIONAL_REPRESENTATION('',(#3017),#3021);
#3017 = LINE('',#3018,#3019);
#3018 = CARTESIAN_POINT('',(-550.,0.));
#3019 = VECTOR('',#3020,1.);
#3020 = DIRECTION('',(0.,1.));
#3021 = ( GEOMETRIC_REPRESENTATION_CONTEXT(2) 
PARAMETRIC_REPRESENTATION_CONTEXT() REPRESENTATION_CONTEXT('2D SPACE',''
  ) );
#3022 = ORIENTED_EDGE('',*,*,#3023,.T.);
#3023 = EDGE_CURVE('',#3001,#3024,#3026,.T.);
#3024 = VERTEX_POINT('',#3025);
#3025 = CARTESIAN_POINT('',(121.3525492,88.1677878,0.));
#3026 = SURFACE_CURVE('',#3027,(#3031,#3038),.PCURVE_S1.);
#3027 = LINE('',#3028,#3029);
#3028 = CARTESIAN_POINT('',(100.369591,111.4717238,0.));
#3029 = VECTOR('',#3030,1.);
#3030 = DIRECTION('',(0.669130605963,-0.743144825834,0.));
#3031 = PCURVE('',#962,#3032);
#3032 = DEFINITIONAL_REPRESENTATION('',(#3033),#3037);
#3033 = LINE('',#3034,#3035);
#3034 = CARTESIAN_POINT('',(-49.630409,-111.4717238));
#3035 = VECTOR('',#3036,1.);
#3036 = DIRECTION('',(0.669130605963,0.743144825834));
#3037 = ( GEOMETRIC_REPRESENTATION_CONTEXT(2) 
PARAMETRIC_REPRESENTATION_CONTEXT() REPRESENTATION_CONTEXT('2D SPACE',''
  ) );
#3038 = PCURVE('',#2623,#3039);
#3039 = DEFINITIONAL_REPRESENTATION('',(#3040),#3044);
#3040 = LINE('',#3041,#3042);
#3041 = CARTESIAN_POINT('',(-550.,0.));
#3042 = VECTOR('',#3043,1.);
#3043 = DIRECTION('',(0.,1.));
#3044 = ( GEOMETRIC_REPRESENTATION_CONTEXT(2) 
PARAMETRIC_REPRESENTATION_CONTEXT() REPRESENTATION_CONTEXT('2D SPACE',''
  ) );
#3045 = ORIENTED_EDGE('',*,*,#3046,.T.);
#3046 = EDGE_CURVE('',#3024,#3047,#3049,.T.);
#3047 = VERTEX_POINT('',#3048);
#3048 = CARTESIAN_POINT('',(137.0318186,61.0104965,0.));
#3049 = SURFACE_CURVE('',#3050,(#3054,#3061),.PCURVE_S1.);
#3050 = LINE('',#3051,#3052);
#3051 = CARTESIAN_POINT('',(121.3525492,88.1677878,0.));
#3052 = VECTOR('',#3053,1.);
#3053 = DIRECTION('',(0.499999998983,-0.866025404372,0.));
#3054 = PCURVE('',#962,#3055);
#3055 = DEFINITIONAL_REPRESENTATION('',(#3056),#3060);
#3056 = LINE('',#3057,#3058);
#3057 = CARTESIAN_POINT('',(-28.6474508,-88.1677878));
#3058 = VECTOR('',#3059,1.);
#3059 = DIRECTION('',(0.499999998983,0.866025404372));
#3060 = ( GEOMETRIC_REPRESENTATION_CONTEXT(2) 
PARAMETRIC_REPRESENTATION_CONTEXT() REPRESENTATION_CONTEXT('2D SPACE',''
  ) );
#3061 = PCURVE('',#2649,#3062);
#3062 = DEFINITIONAL_REPRESENTATION('',(#3063),#3067);
#3063 = LINE('',#3064,#3065);
#3064 = CARTESIAN_POINT('',(-550.,0.));
#3065 = VECTOR('',#3066,1.);
#3066 = DIRECTION('',(0.,1.));
#3067 = ( GEOMETRIC_REPRESENTATION_CONTEXT(2) 
PARAMETRIC_REPRESENTATION_CONTEXT() REPRESENTATION_CONTEXT('2D SPACE',''
  ) );
#3068 = ORIENTED_EDGE('',*,*,#3069,.T.);
#3069 = EDGE_CURVE('',#3047,#3070,#3072,.T.);
#3070 = VERTEX_POINT('',#3071);
#3071 = CARTESIAN_POINT('',(146.7221401,31.1867536,0.));
#3072 = SURFACE_CURVE('',#3073,(#3077,#3084),.PCURVE_S1.);
#3073 = LINE('',#3074,#3075);
#3074 = CARTESIAN_POINT('',(137.0318186,61.0104965,0.));
#3075 = VECTOR('',#3076,1.);
#3076 = DIRECTION('',(0.309016994848,-0.951056516141,0.));
#3077 = PCURVE('',#962,#3078);
#3078 = DEFINITIONAL_REPRESENTATION('',(#3079),#3083);
#3079 = LINE('',#3080,#3081);
#3080 = CARTESIAN_POINT('',(-12.9681814,-61.0104965));
#3081 = VECTOR('',#3082,1.);
#3082 = DIRECTION('',(0.309016994848,0.951056516141));
#3083 = ( GEOMETRIC_REPRESENTATION_CONTEXT(2) 
PARAMETRIC_REPRESENTATION_CONTEXT() REPRESENTATION_CONTEXT('2D SPACE',''
  ) );
#3084 = PCURVE('',#2675,#3085);
#3085 = DEFINITIONAL_REPRESENTATION('',(#3086),#3090);
#3086 = LINE('',#3087,#3088);
#3087 = CARTESIAN_POINT('',(-550.,0.));
#3088 = VECTOR('',#3089,1.);
#3089 = DIRECTION('',(0.,1.));
#3090 = ( GEOMETRIC_REPRESENTATION_CONTEXT(2) 
PARAMETRIC_REPRESENTATION_CONTEXT() REPRESENTATION_CONTEXT('2D SPACE',''
  ) );
#3091 = ORIENTED_EDGE('',*,*,#3092,.T.);
#3092 = EDGE_CURVE('',#3070,#2888,#3093,.T.);
#3093 = SURFACE_CURVE('',#3094,(#3098,#3105),.PCURVE_S1.);
#3094 = LINE('',#3095,#3096);
#3095 = CARTESIAN_POINT('',(146.7221401,31.1867536,0.));
#3096 = VECTOR('',#3097,1.);
#3097 = DIRECTION('',(0.10452846366,-0.994521895327,0.));
#3098 = PCURVE('',#962,#3099);
#3099 = DEFINITIONAL_REPRESENTATION('',(#3100),#3104);
#3100 = LINE('',#3101,#3102);
#3101 = CARTESIAN_POINT('',(-3.2778599,-31.1867536));
#3102 = VECTOR('',#3103,1.);
#3103 = DIRECTION('',(0.10452846366,0.994521895327));
#3104 = ( GEOMETRIC_REPRESENTATION_CONTEXT(2) 
PARAMETRIC_REPRESENTATION_CONTEXT() REPRESENTATION_CONTEXT('2D SPACE',''
  ) );
#3105 = PCURVE('',#2701,#3106);
#3106 = DEFINITIONAL_REPRESENTATION('',(#3107),#3111);
#3107 = LINE('',#3108,#3109);
#3108 = CARTESIAN_POINT('',(-550.,0.));
#3109 = VECTOR('',#3110,1.);
#3110 = DIRECTION('',(0.,1.));
#3111 = ( GEOMETRIC_REPRESENTATION_CONTEXT(2) 
PARAMETRIC_REPRESENTATION_CONTEXT() REPRESENTATION_CONTEXT('2D SPACE',''
  ) );
#3112 = ADVANCED_FACE('',(#3113),#1971,.T.);
#3113 = FACE_BOUND('',#3114,.T.);
#3114 = EDGE_LOOP('',(#3115,#3116,#3117,#3138));
#3115 = ORIENTED_EDGE('',*,*,#1955,.F.);
#3116 = ORIENTED_EDGE('',*,*,#2587,.F.);
#3117 = ORIENTED_EDGE('',*,*,#3118,.T.);
#3118 = EDGE_CURVE('',#2588,#3001,#3119,.T.);
#3119 = SURFACE_CURVE('',#3120,(#3124,#3131),.PCURVE_S1.);
#3120 = LINE('',#3121,#3122);
#3121 = CARTESIAN_POINT('',(100.369591,111.4717238,550.));
#3122 = VECTOR('',#3123,1.);
#3123 = DIRECTION('',(0.,0.,-1.));
#3124 = PCURVE('',#1971,#3125);
#3125 = DEFINITIONAL_REPRESENTATION('',(#3126),#3130);
#3126 = LINE('',#3127,#3128);
#3127 = CARTESIAN_POINT('',(0.,31.358539049356));
#3128 = VECTOR('',#3129,1.);
#3129 = DIRECTION('',(-1.,0.));
#3130 = ( GEOMETRIC_REPRESENTATION_CONTEXT(2) 
PARAMETRIC_REPRESENTATION_CONTEXT() REPRESENTATION_CONTEXT('2D SPACE',''
  ) );
#3131 = PCURVE('',#2623,#3132);
#3132 = DEFINITIONAL_REPRESENTATION('',(#3133),#3137);
#3133 = LINE('',#3134,#3135);
#3134 = CARTESIAN_POINT('',(0.,0.));
#3135 = VECTOR('',#3136,1.);
#3136 = DIRECTION('',(-1.,0.));
#3137 = ( GEOMETRIC_REPRESENTATION_CONTEXT(2) 
PARAMETRIC_REPRESENTATION_CONTEXT() REPRESENTATION_CONTEXT('2D SPACE',''
  ) );
#3138 = ORIENTED_EDGE('',*,*,#3000,.F.);
#3139 = ADVANCED_FACE('',(#3140),#2805,.T.);
#3140 = FACE_BOUND('',#3141,.T.);
#3141 = EDGE_LOOP('',(#3142,#3163,#3164,#3165));
#3142 = ORIENTED_EDGE('',*,*,#3143,.F.);
#3143 = EDGE_CURVE('',#2765,#2936,#3144,.T.);
#3144 = SURFACE_CURVE('',#3145,(#3149,#3156),.PCURVE_S1.);
#3145 = LINE('',#3146,#3147);
#3146 = CARTESIAN_POINT('',(121.3525492,-88.1677878,550.));
#3147 = VECTOR('',#3148,1.);
#3148 = DIRECTION('',(0.,0.,-1.));
#3149 = PCURVE('',#2805,#3150);
#3150 = DEFINITIONAL_REPRESENTATION('',(#3151),#3155);
#3151 = LINE('',#3152,#3153);
#3152 = CARTESIAN_POINT('',(0.,0.));
#3153 = VECTOR('',#3154,1.);
#3154 = DIRECTION('',(-1.,-0.));
#3155 = ( GEOMETRIC_REPRESENTATION_CONTEXT(2) 
PARAMETRIC_REPRESENTATION_CONTEXT() REPRESENTATION_CONTEXT('2D SPACE',''
  ) );
#3156 = PCURVE('',#2779,#3157);
#3157 = DEFINITIONAL_REPRESENTATION('',(#3158),#3162);
#3158 = LINE('',#3159,#3160);
#3159 = CARTESIAN_POINT('',(0.,31.358538863774));
#3160 = VECTOR('',#3161,1.);
#3161 = DIRECTION('',(-1.,-0.));
#3162 = ( GEOMETRIC_REPRESENTATION_CONTEXT(2) 
PARAMETRIC_REPRESENTATION_CONTEXT() REPRESENTATION_CONTEXT('2D SPACE',''
  ) );
#3163 = ORIENTED_EDGE('',*,*,#2790,.F.);
#3164 = ORIENTED_EDGE('',*,*,#2838,.T.);
#3165 = ORIENTED_EDGE('',*,*,#2958,.F.);
#3166 = ADVANCED_FACE('',(#3167),#2779,.T.);
#3167 = FACE_BOUND('',#3168,.T.);
#3168 = EDGE_LOOP('',(#3169,#3190,#3191,#3192));
#3169 = ORIENTED_EDGE('',*,*,#3170,.F.);
#3170 = EDGE_CURVE('',#2739,#2913,#3171,.T.);
#3171 = SURFACE_CURVE('',#3172,(#3176,#3183),.PCURVE_S1.);
#3172 = LINE('',#3173,#3174);
#3173 = CARTESIAN_POINT('',(137.0318186,-61.0104965,550.));
#3174 = VECTOR('',#3175,1.);
#3175 = DIRECTION('',(0.,0.,-1.));
#3176 = PCURVE('',#2779,#3177);
#3177 = DEFINITIONAL_REPRESENTATION('',(#3178),#3182);
#3178 = LINE('',#3179,#3180);
#3179 = CARTESIAN_POINT('',(0.,0.));
#3180 = VECTOR('',#3181,1.);
#3181 = DIRECTION('',(-1.,-0.));
#3182 = ( GEOMETRIC_REPRESENTATION_CONTEXT(2) 
PARAMETRIC_REPRESENTATION_CONTEXT() REPRESENTATION_CONTEXT('2D SPACE',''
  ) );
#3183 = PCURVE('',#2753,#3184);
#3184 = DEFINITIONAL_REPRESENTATION('',(#3185),#3189);
#3185 = LINE('',#3186,#3187);
#3186 = CARTESIAN_POINT('',(0.,31.358539049813));
#3187 = VECTOR('',#3188,1.);
#3188 = DIRECTION('',(-1.,-0.));
#3189 = ( GEOMETRIC_REPRESENTATION_CONTEXT(2) 
PARAMETRIC_REPRESENTATION_CONTEXT() REPRESENTATION_CONTEXT('2D SPACE',''
  ) );
#3190 = ORIENTED_EDGE('',*,*,#2764,.F.);
#3191 = ORIENTED_EDGE('',*,*,#3143,.T.);
#3192 = ORIENTED_EDGE('',*,*,#2935,.F.);
#3193 = ADVANCED_FACE('',(#3194),#2753,.T.);
#3194 = FACE_BOUND('',#3195,.T.);
#3195 = EDGE_LOOP('',(#3196,#3217,#3218,#3219));
#3196 = ORIENTED_EDGE('',*,*,#3197,.F.);
#3197 = EDGE_CURVE('',#2713,#2890,#3198,.T.);
#3198 = SURFACE_CURVE('',#3199,(#3203,#3210),.PCURVE_S1.);
#3199 = LINE('',#3200,#3201);
#3200 = CARTESIAN_POINT('',(146.7221401,-31.1867536,550.));
#3201 = VECTOR('',#3202,1.);
#3202 = DIRECTION('',(0.,0.,-1.));
#3203 = PCURVE('',#2753,#3204);
#3204 = DEFINITIONAL_REPRESENTATION('',(#3205),#3209);
#3205 = LINE('',#3206,#3207);
#3206 = CARTESIAN_POINT('',(0.,0.));
#3207 = VECTOR('',#3208,1.);
#3208 = DIRECTION('',(-1.,-0.));
#3209 = ( GEOMETRIC_REPRESENTATION_CONTEXT(2) 
PARAMETRIC_REPRESENTATION_CONTEXT() REPRESENTATION_CONTEXT('2D SPACE',''
  ) );
#3210 = PCURVE('',#2727,#3211);
#3211 = DEFINITIONAL_REPRESENTATION('',(#3212),#3216);
#3212 = LINE('',#3213,#3214);
#3213 = CARTESIAN_POINT('',(0.,31.358538958809));
#3214 = VECTOR('',#3215,1.);
#3215 = DIRECTION('',(-1.,-0.));
#3216 = ( GEOMETRIC_REPRESENTATION_CONTEXT(2) 
PARAMETRIC_REPRESENTATION_CONTEXT() REPRESENTATION_CONTEXT('2D SPACE',''
  ) );
#3217 = ORIENTED_EDGE('',*,*,#2738,.F.);
#3218 = ORIENTED_EDGE('',*,*,#3170,.T.);
#3219 = ORIENTED_EDGE('',*,*,#2912,.F.);
#3220 = ADVANCED_FACE('',(#3221),#2727,.T.);
#3221 = FACE_BOUND('',#3222,.T.);
#3222 = EDGE_LOOP('',(#3223,#3244,#3245,#3246));
#3223 = ORIENTED_EDGE('',*,*,#3224,.F.);
#3224 = EDGE_CURVE('',#2687,#2888,#3225,.T.);
#3225 = SURFACE_CURVE('',#3226,(#3230,#3237),.PCURVE_S1.);
#3226 = LINE('',#3227,#3228);
#3227 = CARTESIAN_POINT('',(150.,0.,550.));
#3228 = VECTOR('',#3229,1.);
#3229 = DIRECTION('',(0.,0.,-1.));
#3230 = PCURVE('',#2727,#3231);
#3231 = DEFINITIONAL_REPRESENTATION('',(#3232),#3236);
#3232 = LINE('',#3233,#3234);
#3233 = CARTESIAN_POINT('',(0.,0.));
#3234 = VECTOR('',#3235,1.);
#3235 = DIRECTION('',(-1.,-0.));
#3236 = ( GEOMETRIC_REPRESENTATION_CONTEXT(2) 
PARAMETRIC_REPRESENTATION_CONTEXT() REPRESENTATION_CONTEXT('2D SPACE',''
  ) );
#3237 = PCURVE('',#2701,#3238);
#3238 = DEFINITIONAL_REPRESENTATION('',(#3239),#3243);
#3239 = LINE('',#3240,#3241);
#3240 = CARTESIAN_POINT('',(0.,31.358538958809));
#3241 = VECTOR('',#3242,1.);
#3242 = DIRECTION('',(-1.,0.));
#3243 = ( GEOMETRIC_REPRESENTATION_CONTEXT(2) 
PARAMETRIC_REPRESENTATION_CONTEXT() REPRESENTATION_CONTEXT('2D SPACE',''
  ) );
#3244 = ORIENTED_EDGE('',*,*,#2712,.F.);
#3245 = ORIENTED_EDGE('',*,*,#3197,.T.);
#3246 = ORIENTED_EDGE('',*,*,#2887,.F.);
#3247 = ADVANCED_FACE('',(#3248),#2701,.T.);
#3248 = FACE_BOUND('',#3249,.T.);
#3249 = EDGE_LOOP('',(#3250,#3271,#3272,#3273));
#3250 = ORIENTED_EDGE('',*,*,#3251,.F.);
#3251 = EDGE_CURVE('',#2661,#3070,#3252,.T.);
#3252 = SURFACE_CURVE('',#3253,(#3257,#3264),.PCURVE_S1.);
#3253 = LINE('',#3254,#3255);
#3254 = CARTESIAN_POINT('',(146.7221401,31.1867536,550.));
#3255 = VECTOR('',#3256,1.);
#3256 = DIRECTION('',(0.,0.,-1.));
#3257 = PCURVE('',#2701,#3258);
#3258 = DEFINITIONAL_REPRESENTATION('',(#3259),#3263);
#3259 = LINE('',#3260,#3261);
#3260 = CARTESIAN_POINT('',(0.,0.));
#3261 = VECTOR('',#3262,1.);
#3262 = DIRECTION('',(-1.,0.));
#3263 = ( GEOMETRIC_REPRESENTATION_CONTEXT(2) 
PARAMETRIC_REPRESENTATION_CONTEXT() REPRESENTATION_CONTEXT('2D SPACE',''
  ) );
#3264 = PCURVE('',#2675,#3265);
#3265 = DEFINITIONAL_REPRESENTATION('',(#3266),#3270);
#3266 = LINE('',#3267,#3268);
#3267 = CARTESIAN_POINT('',(0.,31.358539049813));
#3268 = VECTOR('',#3269,1.);
#3269 = DIRECTION('',(-1.,0.));
#3270 = ( GEOMETRIC_REPRESENTATION_CONTEXT(2) 
PARAMETRIC_REPRESENTATION_CONTEXT() REPRESENTATION_CONTEXT('2D SPACE',''
  ) );
#3271 = ORIENTED_EDGE('',*,*,#2686,.F.);
#3272 = ORIENTED_EDGE('',*,*,#3224,.T.);
#3273 = ORIENTED_EDGE('',*,*,#3092,.F.);
#3274 = ADVANCED_FACE('',(#3275),#2675,.T.);
#3275 = FACE_BOUND('',#3276,.T.);
#3276 = EDGE_LOOP('',(#3277,#3298,#3299,#3300));
#3277 = ORIENTED_EDGE('',*,*,#3278,.F.);
#3278 = EDGE_CURVE('',#2635,#3047,#3279,.T.);
#3279 = SURFACE_CURVE('',#3280,(#3284,#3291),.PCURVE_S1.);
#3280 = LINE('',#3281,#3282);
#3281 = CARTESIAN_POINT('',(137.0318186,61.0104965,550.));
#3282 = VECTOR('',#3283,1.);
#3283 = DIRECTION('',(0.,0.,-1.));
#3284 = PCURVE('',#2675,#3285);
#3285 = DEFINITIONAL_REPRESENTATION('',(#3286),#3290);
#3286 = LINE('',#3287,#3288);
#3287 = CARTESIAN_POINT('',(0.,0.));
#3288 = VECTOR('',#3289,1.);
#3289 = DIRECTION('',(-1.,0.));
#3290 = ( GEOMETRIC_REPRESENTATION_CONTEXT(2) 
PARAMETRIC_REPRESENTATION_CONTEXT() REPRESENTATION_CONTEXT('2D SPACE',''
  ) );
#3291 = PCURVE('',#2649,#3292);
#3292 = DEFINITIONAL_REPRESENTATION('',(#3293),#3297);
#3293 = LINE('',#3294,#3295);
#3294 = CARTESIAN_POINT('',(0.,31.358538863774));
#3295 = VECTOR('',#3296,1.);
#3296 = DIRECTION('',(-1.,0.));
#3297 = ( GEOMETRIC_REPRESENTATION_CONTEXT(2) 
PARAMETRIC_REPRESENTATION_CONTEXT() REPRESENTATION_CONTEXT('2D SPACE',''
  ) );
#3298 = ORIENTED_EDGE('',*,*,#2660,.F.);
#3299 = ORIENTED_EDGE('',*,*,#3251,.T.);
#3300 = ORIENTED_EDGE('',*,*,#3069,.F.);
#3301 = ADVANCED_FACE('',(#3302),#2649,.T.);
#3302 = FACE_BOUND('',#3303,.T.);
#3303 = EDGE_LOOP('',(#3304,#3325,#3326,#3327));
#3304 = ORIENTED_EDGE('',*,*,#3305,.F.);
#3305 = EDGE_CURVE('',#2609,#3024,#3306,.T.);
#3306 = SURFACE_CURVE('',#3307,(#3311,#3318),.PCURVE_S1.);
#3307 = LINE('',#3308,#3309);
#3308 = CARTESIAN_POINT('',(121.3525492,88.1677878,550.));
#3309 = VECTOR('',#3310,1.);
#3310 = DIRECTION('',(0.,0.,-1.));
#3311 = PCURVE('',#2649,#3312);
#3312 = DEFINITIONAL_REPRESENTATION('',(#3313),#3317);
#3313 = LINE('',#3314,#3315);
#3314 = CARTESIAN_POINT('',(0.,0.));
#3315 = VECTOR('',#3316,1.);
#3316 = DIRECTION('',(-1.,0.));
#3317 = ( GEOMETRIC_REPRESENTATION_CONTEXT(2) 
PARAMETRIC_REPRESENTATION_CONTEXT() REPRESENTATION_CONTEXT('2D SPACE',''
  ) );
#3318 = PCURVE('',#2623,#3319);
#3319 = DEFINITIONAL_REPRESENTATION('',(#3320),#3324);
#3320 = LINE('',#3321,#3322);
#3321 = CARTESIAN_POINT('',(0.,31.358538995225));
#3322 = VECTOR('',#3323,1.);
#3323 = DIRECTION('',(-1.,0.));
#3324 = ( GEOMETRIC_REPRESENTATION_CONTEXT(2) 
PARAMETRIC_REPRESENTATION_CONTEXT() REPRESENTATION_CONTEXT('2D SPACE',''
  ) );
#3325 = ORIENTED_EDGE('',*,*,#2634,.F.);
#3326 = ORIENTED_EDGE('',*,*,#3278,.T.);
#3327 = ORIENTED_EDGE('',*,*,#3046,.F.);
#3328 = ADVANCED_FACE('',(#3329),#2623,.T.);
#3329 = FACE_BOUND('',#3330,.T.);
#3330 = EDGE_LOOP('',(#3331,#3332,#3333,#3334));
#3331 = ORIENTED_EDGE('',*,*,#3118,.F.);
#3332 = ORIENTED_EDGE('',*,*,#2608,.F.);
#3333 = ORIENTED_EDGE('',*,*,#3305,.T.);
#3334 = ORIENTED_EDGE('',*,*,#3023,.F.);
#3335 = ( GEOMETRIC_REPRESENTATION_CONTEXT(3) 
GLOBAL_UNCERTAINTY_ASSIGNED_CONTEXT((#3339)) 
GLOBAL_UNIT_ASSIGNED_CONTEXT((#3336,#3337,#3338)) REPRESENTATION_CONTEXT
('Context #1','3D Context with UNIT and UNCERTAINTY') );
#3336 = ( LENGTH_UNIT() NAMED_UNIT(*) SI_UNIT(.MILLI.,.METRE.) );
#3337 = ( NAMED_UNIT(*) PLANE_ANGLE_UNIT() SI_UNIT($,.RADIAN.) );
#3338 = ( NAMED_UNIT(*) SI_UNIT($,.STERADIAN.) SOLID_ANGLE_UNIT() );
#3339 = UNCERTAINTY_MEASURE_WITH_UNIT(LENGTH_MEASURE(1.E-07),#3336,
  'distance_accuracy_value','confusion accuracy');
#3340 = PRODUCT_RELATED_PRODUCT_CATEGORY('part',$,(#7));
ENDSEC;
END-ISO-10303-21;
